"Name","Time","Link","Rating"
"Jackson Cayward","24:33.2","https://www.tfrrs.org/athletes/7912116/Siena/Jackson_Cayward.html","938.9127252935408"
"Henry Didden","24:40.8","https://www.tfrrs.org/athletes/8267901/Bucknell/Henry_Didden.html","929.2997794207239"
"Tyler Greene","24:41.8","https://www.tfrrs.org/athletes/8238055/Siena/Tyler_Greene.html","928.0459176199911"
"Trent Dinant","24:57.8","https://www.tfrrs.org/athletes/8267902/Bucknell/Trent__Dinant.html","908.3244259527769"
"Bradford Duchesne","24:58.8","https://www.tfrrs.org/athletes/8909963/Fordham/Bradford_Duchesne.html","907.1127614095016"
"Aakash Arumugam","25:00.2","https://www.tfrrs.org/athletes/8909280/Seton_Hall/Aakash_Arumugam.html","905.4204999803878"
"David Carillo","25:12.9","https://www.tfrrs.org/athletes/8927969/Bucknell/David_Carillo.html","890.2832443911311"
"Ethan Pratt-Perez","25:14.0","https://www.tfrrs.org/athletes/8927973/Bucknell/Ethan_Pratt-Perez.html","888.9900398886837"
"Colin Brunelle","25:16.1","https://www.tfrrs.org/athletes/8582028/Siena/Colin_Brunelle.html","886.5290067827667"
"Logan Brunozzi","25:21.9","https://www.tfrrs.org/athletes/8606037/Seton_Hall/Logan_Brunozzi.html","879.7847130139794"
"Jayson Harmer","25:26.6","https://www.tfrrs.org/athletes/8267903/Bucknell/Jayson_Harmer.html","874.3758005542281"
"Grant Kern","25:26.9","https://www.tfrrs.org/athletes/8267905/Bucknell/Grant_Kern.html","874.032245677001"
"Santino D'Amelio","25:28.9","https://www.tfrrs.org/athletes/8921922/Rider/Santino_D'Amelio.html","871.747045672386"
"Cooper Hollinger","25:30.9","https://www.tfrrs.org/athletes/9195642/Bucknell/Cooper_Hollinger.html","869.4707961163789"
"Carter Paul","25:34.5","https://www.tfrrs.org/athletes/8617793/Bucknell/Carter_Paul.html","865.395953235327"
"Luke Tkaczyk","25:35.6","https://www.tfrrs.org/athletes/7912112/Siena/Luke_Tkaczyk.html","864.1565750151772"
"Evan Wattie","25:36.3","https://www.tfrrs.org/athletes/8902461/Siena/Evan_Wattie.html","863.3692655157927"
"Bryce Ryder","25:37.2","https://www.tfrrs.org/athletes/8248287/Marywood/Bryce_Ryder.html","862.3585904305976"
"STEPHEN BEAMAN","25:38.9","https://www.tfrrs.org/athletes/8606016/Seton_Hall/STEPHEN_BEAMAN.html","860.4543733090148"
"Isaac Gross","25:39.1","https://www.tfrrs.org/athletes/8901322/Marist/Isaac_Gross.html","860.2307625060846"
"Shaurya Srivastava","25:40.2","https://www.tfrrs.org/athletes/8259473/NYU/Shaurya_Srivastava.html","859.0024597728798"
"Jimmy Hernandez","25:43.3","https://www.tfrrs.org/athletes/9193072/Fordham/Jimmy__Hernandez.html","855.5549989330356"
"Matt McCarron","25:45.5","https://www.tfrrs.org/athletes/8589212/Rider/Matt_McCarron.html","853.1209887892896"
"Owen Stachilc","25:46.5","https://www.tfrrs.org/athletes/9203169/Albany/Owen_Stachilc.html","852.0180529139017"
"Nicolas Grabarz","25:47.4","https://www.tfrrs.org/athletes/8252072/Fordham/Nicolas_Grabarz.html","851.0272383223424"
"Ryan Pepperman","25:47.5","https://www.tfrrs.org/athletes/9195644/Bucknell/Ryan_Pepperman.html","850.9172545108424"
"Michael Mason","25:51.7","https://www.tfrrs.org/athletes/8615820/Sacred_Heart/Michael_Mason.html","846.3171181700118"
"James Jenkins","25:53.5","https://www.tfrrs.org/athletes/9178756/NYU/James_Jenkins.html","844.3570431553245"
"Justin Schwartz","25:55.1","https://www.tfrrs.org/athletes/8901320/Marist/Justin_Schwartz.html","842.6204650827992"
"Darren Croke","25:55.5","https://www.tfrrs.org/athletes/8252070/Fordham/Darren_Croke.html","842.1871576578959"
"Matthew Febles","25:55.9","https://www.tfrrs.org/athletes/8252071/Fordham/Matthew_Febles.html","841.7541843817605"
"Dan Wuenschel","25:55.9","https://www.tfrrs.org/athletes/8927974/Bucknell/Dan_Wuenschel.html","841.7541843817605"
"Collin Clinton","25:57.0","https://www.tfrrs.org/athletes/7912115/Siena/Collin_Clinton.html","840.5652280242998"
"Ryan Lindley","26:00.6","https://www.tfrrs.org/athletes/8245593/Fairfield/Ryan_Lindley.html","836.6916606980838"
"Jack Boerger","26:03.1","https://www.tfrrs.org/athletes/8616337/Fordham/Jack__Boerger_.html","834.017415402509"
"Chase Orciuch","26:06.2","https://www.tfrrs.org/athletes/8595360/Fairfield/Chase_Orciuch.html","830.7191198126477"
"James Stappenbeck","26:07.0","https://www.tfrrs.org/athletes/9193073/Fordham/James__Stappenbeck.html","829.8711228079949"
"Matthew Mastroly","26:07.8","https://www.tfrrs.org/athletes/8589211/Rider/Matthew_Mastroly.html","829.0244235922943"
"Connor Thomas","26:09.2","https://www.tfrrs.org/athletes/8582031/Siena/Connor_Thomas.html","827.5458148120276"
"Slater Von Stetten","26:10.0","https://www.tfrrs.org/athletes/8920159/Quinnipiac/Slater_Von_Stetten.html","826.7026708883449"
"George Hohenleitner","26:11.8","https://www.tfrrs.org/athletes/8907568/Fairfield/George_Hohenleitner.html","824.8103019435748"
"Michael Ryan","26:14.9","https://www.tfrrs.org/athletes/9165417/Siena/Michael_Ryan.html","821.5664192205878"
"Shepard Livingston","26:15.5","https://www.tfrrs.org/athletes/9177605/Quinnipiac/Shepard_Livingston.html","820.9407816604163"
"Jerry Lewis","26:16.6","https://www.tfrrs.org/athletes/8928542/Albany/Jerry_Lewis.html","819.7956340841816"
"Ethan Peffley","26:16.7","https://www.tfrrs.org/athletes/9173557/Rider/Ethan_Peffley.html","819.691648590824"
"Tyler Deme","26:17.0","https://www.tfrrs.org/athletes/9177607/Quinnipiac/Tyler_Deme.html","819.3798107918162"
"Nikolas Christian","26:17.1","https://www.tfrrs.org/athletes/8622860/Albany/Nikolas_Christian.html","819.2759044024472"
"Sanjith Nomula","26:17.5","https://www.tfrrs.org/athletes/8901317/Marist/Sanjith_Nomula.html","818.8604764294568"
"Peter Clifford","26:18.4","https://www.tfrrs.org/athletes/8267900/Bucknell/Peter_Clifford.html","817.9269179927666"
"Behn Thomas","26:18.9","https://www.tfrrs.org/athletes/9165416/Siena/Behn_Thomas.html","817.4089640951082"
"Davis Haines","26:22.1","https://www.tfrrs.org/athletes/8901323/Marist/Davis_Haines.html","814.1056793696275"
"Owen Little","26:25.3","https://www.tfrrs.org/athletes/9195643/Bucknell/Owen_Little.html","810.8223779387782"
"Earl Hart","26:25.7","https://www.tfrrs.org/athletes/9215762/St_Peters/Earl_Hart.html","810.4133623059942"
"Cole Knoedler","26:28.0","https://www.tfrrs.org/athletes/8601505/Rider/Cole_Knoedler.html","808.0675173501676"
"Kaleb Stoeckmann","26:28.1","https://www.tfrrs.org/athletes/9178026/Marist/Kaleb_Stoeckmann.html","807.9657552349331"
"Andrew Young","26:29.4","https://www.tfrrs.org/athletes/8927975/Bucknell/Andrew_Young.html","806.6445951379097"
"Anan Bauman","26:29.7","https://www.tfrrs.org/athletes/8909912/Fordham/Anan_Bauman.html","806.3401722346337"
"Cormac Leahy","26:31.1","https://www.tfrrs.org/athletes/8582030/Siena/Cormac_Leahy.html","804.9218080901048"
"MICHAEL KELTON","26:32.0","https://www.tfrrs.org/athletes/8591426/Seton_Hall/MICHAEL_KELTON.html","804.0119778669891"
"Marcus Homa","26:32.3","https://www.tfrrs.org/athletes/8582029/Siena/Marcus_Homa.html","803.7090439083473"
"Chase Kober","26:33.3","https://www.tfrrs.org/athletes/9178025/Marist/Chase_Kober.html","802.7004995931765"
"ANTHONY CARY","26:34.2","https://www.tfrrs.org/athletes/8265067/Seton_Hall/ANTHONY_CARY.html","801.7944319393691"
"Joseph Cardillo","26:34.6","https://www.tfrrs.org/athletes/8258292/Marywood/Joseph_Cardillo.html","801.3922275654911"
"Eric Schleif","26:36.5","https://www.tfrrs.org/athletes/9193074/Fordham/Eric__Schleif.html","799.4858834630447"
"Tadael Mihret","26:36.7","https://www.tfrrs.org/athletes/8616336/Fordham/Tadael__Mihret_.html","799.2856114489347"
"Preston Gumann","26:38.2","https://www.tfrrs.org/athletes/9177604/Quinnipiac/Preston_Gumann.html","797.785967115912"
"Kevin Cannon","26:38.2","https://www.tfrrs.org/athletes/8901318/Marist/Kevin_Cannon.html","797.785967115912"
"David Rodenhaver","26:38.3","https://www.tfrrs.org/athletes/8589214/Rider/David__Rodenhaver.html","797.6861409243602"
"Brandon Meiner","26:39.3","https://www.tfrrs.org/athletes/8259478/NYU/Brandon_Meiner.html","796.6889086916347"
"Pierce Francis","26:40.5","https://www.tfrrs.org/athletes/8601706/Marist/Pierce_Francis.html","795.4946965174136"
"Daniel DiTunno","26:40.9","https://www.tfrrs.org/athletes/9193071/Fordham/Daniel_DiTunno.html","795.0972224387917"
"Matthew Vene","26:42.3","https://www.tfrrs.org/athletes/8263753/Sacred_Heart/Matthew_Vene.html","793.7084065947938"
"Mason Barlow","26:43.5","https://www.tfrrs.org/athletes/8617790/Bucknell/Mason_Barlow.html","792.5208871701201"
"Adam Dicken","26:44.4","https://www.tfrrs.org/athletes/9195641/Bucknell/Adam_Dicken.html","791.6319956944789"
"Jared Voorhees","26:44.9","https://www.tfrrs.org/athletes/8921926/Rider/Jared_Voorhees.html","791.1388131405209"
"Bryce Robinson","26:46.5","https://www.tfrrs.org/athletes/8907571/Fairfield/Bryce_Robinson.html","789.5637222587629"
"Joshua Mingoia","26:46.6","https://www.tfrrs.org/athletes/8924240/Manhattan/Joshua__Mingoia.html","789.465435298754"
"Michael Goodson","26:48.6","https://www.tfrrs.org/athletes/9177608/Quinnipiac/Michael_Goodson.html","787.5035438221078"
"Micah Taffet","26:49.9","https://www.tfrrs.org/athletes/8902274/NYU/Micah_Taffet.html","786.2322334746101"
"James Modrovsky","26:50.6","https://www.tfrrs.org/athletes/8606345/Marywood/James__Modrovsky.html","785.5489564797414"
"Tyler Tkaczyk","26:52.2","https://www.tfrrs.org/athletes/8582032/Siena/Tyler_Tkaczyk.html","783.9905212399576"
"JACK SMITH","26:52.7","https://www.tfrrs.org/athletes/8909283/Seton_Hall/JACK_SMITH.html","783.50446122421"
"Brody Santagata","26:55.6","https://www.tfrrs.org/athletes/8238052/Siena/Brody_Santagata.html","780.6942066157426"
"Aidan Cichocki","26:55.7","https://www.tfrrs.org/athletes/9197270/Sacred_Heart/Aidan_Cichocki.html","780.5975710959074"
"Kyle Haskell","26:57.4","https://www.tfrrs.org/athletes/9191887/Fairfield/Kyle_Haskell.html","778.9575086774197"
"ETHAN CONRAD","26:57.7","https://www.tfrrs.org/athletes/8591425/Seton_Hall/ETHAN_CONRAD.html","778.6686225005875"
"Ryan Kittredge","26:58.0","https://www.directathletics.com/athletes/track/8528778.html","778.3798969995618"
"Samir Hussain","27:00.5","https://www.tfrrs.org/athletes/9196213/NYU/Samir_Hussain.html","775.980083730383"
"Demetri Franzese","27:00.8","https://www.tfrrs.org/athletes/8918864/Sacred_Heart/Demetri_Franzese.html","775.6928521401113"
"ZACHARY DONETH","27:01.9","https://www.tfrrs.org/athletes/8591429/Seton_Hall/ZACHARY_DONETH.html","774.6410329293698"
"Noah Johnson","27:02.9","https://www.tfrrs.org/athletes/9165414/Siena/Noah_Johnson.html","773.6866890099408"
"Matthew McCabe","27:03.1","https://www.tfrrs.org/athletes/8616339/Fordham/Matthew__McCabe_.html","773.4960318669953"
"Colin Shand","27:03.2","https://www.tfrrs.org/athletes/8595357/Fairfield/Colin_Shand.html","773.4007297223925"
"Trey Davidson","27:04.6","https://www.tfrrs.org/athletes/8921962/NYU/Trey_Davidson.html","772.0683469984733"
"Nico Hidalgo","27:05.1","https://www.tfrrs.org/athletes/8921925/Rider/Nico_Hidalgo.html","771.5933303382296"
"Shane Lafountain","27:05.9","https://www.tfrrs.org/athletes/9203165/Albany/Shane_Lafountain.html","770.8342150127542"
"Gabriel Spanbauer","27:06.4","https://www.tfrrs.org/athletes/9203167/Albany/Gabriel_Spanbauer.html","770.3603366758042"
"Gabriel Montoya","27:07.8","https://www.tfrrs.org/athletes/8907569/Fairfield/Gabriel_Montoya.html","769.0357996516664"
"Alex Saldana","27:07.9","https://www.tfrrs.org/athletes/8920156/Quinnipiac/Alex_Saldana.html","768.9413206076015"
"Jake Harold","27:09.5","https://www.tfrrs.org/athletes/9197274/Sacred_Heart/Jake_Harold.html","767.4320207039871"
"Colston Wisotzki","27:11.5","https://www.tfrrs.org/athletes/9191888/Fairfield/Colston_Wisotzki.html","765.5516366736286"
"Michael Lilly","27:12.0","https://www.tfrrs.org/athletes/8892457/Delhi/Michael_Lilly.html","765.0826205188062"
"Max Decker","27:12.5","https://www.tfrrs.org/athletes/9165412/Siena/Max_Decker.html","764.6140352469787"
"Jack Dovaras","27:12.9","https://www.tfrrs.org/athletes/8258154/Marist/Jack_Dovaras.html","764.2394769106727"
"LIAM GRIFFITHS","27:18.1","https://www.tfrrs.org/athletes/8909282/Seton_Hall/LIAM_GRIFFITHS.html","759.3951601331435"
"Brody Cox","27:18.4","https://www.tfrrs.org/athletes/9192581/Manhattan/Brody_Cox.html","759.1170867803249"
"Nevan Kelley","27:18.8","https://www.tfrrs.org/athletes/8907567/Fairfield/Nevan_Kelley.html","758.7465598368353"
"Matthew McDevitt","27:21.4","https://www.tfrrs.org/athletes/8909964/Fordham/Matthew__McDevitt.html","756.3447337966271"
"JEFFREY GRYNAVISKI","27:22.7","https://www.tfrrs.org/athletes/8591424/Seton_Hall/JEFFREY_GRYNAVISKI.html","755.1480952229965"
"Liam Cowdrey","27:22.8","https://www.tfrrs.org/athletes/8892454/Delhi/Liam_Cowdrey.html","755.056163750918"
"Michael Strain","27:25.3","https://www.tfrrs.org/athletes/8591637/Quinnipiac/Michael_Strain.html","752.7633219667965"
"Liam Keish","27:26.0","https://www.tfrrs.org/athletes/9197275/Sacred_Heart/Liam_Keish.html","752.1231976900002"
"Ben Bailor","27:28.2","https://www.tfrrs.org/athletes/8920153/Quinnipiac/Ben_Bailor.html","750.1166854752406"
"Jordan Levy","27:28.9","https://www.tfrrs.org/athletes/9178758/NYU/Jordan_Levy.html","749.4799334289471"
"Joseph Vogel","27:29.1","https://www.tfrrs.org/athletes/9214449/Fairfield/Joseph_Vogel.html","749.2981531886676"
"Jake Gogarty","27:30.7","https://www.tfrrs.org/athletes/8902460/Siena/Jake_Gogarty.html","747.8462891093321"
"Michael Devine","27:31.2","https://www.tfrrs.org/athletes/9195640/Bucknell/Michael_Devine.html","747.3934468967517"
"Kyle McCarron","27:33.0","https://www.tfrrs.org/athletes/9177606/Quinnipiac/Kyle_McCarron.html","745.7666160053933"
"Alex Searle","27:33.3","https://www.tfrrs.org/athletes/8617794/Bucknell/Alex_Searle.html","745.4959939932853"
"Jackson Sennhenn","27:35.1","https://www.tfrrs.org/athletes/8920157/Quinnipiac/Jackson_Sennhenn.html","743.8753510072906"
"AIDAN GRIFFIN","27:35.7","https://www.tfrrs.org/athletes/8909281/Seton_Hall/AIDAN_GRIFFIN.html","743.336310915562"
"Christopher Gray","27:37.3","https://www.tfrrs.org/athletes/9173554/Rider/Christopher_Gray.html","741.9017317944775"
"Jack Flanagan","27:37.5","https://www.tfrrs.org/athletes/8267402/Manhattan/Jack_Flanagan.html","741.7227014544451"
"Caden Lazzor","27:42.2","https://www.tfrrs.org/athletes/9168370/Seton_Hall/Caden_Lazzor.html","737.5340742232671"
"Michael Maresca","27:44.8","https://www.tfrrs.org/athletes/9197276/Sacred_Heart/Michael_Maresca.html","735.2321866730578"
"Alessandro Tullo Alvarez","27:48.7","https://www.tfrrs.org/athletes/8920158/Quinnipiac/Alessandro_Tullo_Alvarez.html","731.7995088382107"
"Raidan Francis","27:49.9","https://www.tfrrs.org/athletes/8606344/Marywood/Raidan_Francis.html","730.7481358394241"
"Owen Fletcher","27:50.0","https://www.tfrrs.org/athletes/9191886/Fairfield/Owen_Fletcher.html","730.660623712819"
"Jakob Seamans","27:56.7","https://www.tfrrs.org/athletes/8912906/Marywood/Jakob_Seamans.html","724.832932112142"
"Steve Hines","27:59.5","https://www.tfrrs.org/athletes/8928539/Albany/Steve_Hines.html","722.4181176678832"
"Ben Jones","28:00.5","https://www.tfrrs.org/athletes/9203164/Albany/Ben_Jones.html","721.5586077883872"
"Harjaap Singh","28:02.3","https://www.tfrrs.org/athletes/8918877/Sacred_Heart/Harjaap_Singh.html","720.0153507514412"
"AIDAN SMITH","28:02.9","https://www.tfrrs.org/athletes/8591428/Seton_Hall/AIDAN_SMITH.html","719.5020318389859"
"Spencer Moreau","28:08.5","https://www.tfrrs.org/athletes/9195973/Delhi/Spencer_Moreau.html","714.737412553885"
"Patrick Curreri","28:12.7","https://www.tfrrs.org/athletes/8263745/Sacred_Heart/Patrick_Curreri.html","711.1949385010394"
"Rowan O'Brien","28:15.4","https://www.tfrrs.org/athletes/8918867/Sacred_Heart/Rowan_O'Brien.html","708.931523010915"
"Jack Putnam","28:19.5","https://www.tfrrs.org/athletes/8296512/Fairfield/Jack_Putnam.html","705.5150909164241"
"Colby Micheels","28:21.8","https://www.tfrrs.org/athletes/8621770/Manhattan/Colby__Micheels.html","703.6093579611207"
"Frankie DiSilvestro","28:24.9","https://www.tfrrs.org/athletes/9173553/Rider/Frankie_DiSilvestro.html","701.0529546597261"
"Charlie Tessier","28:25.9","https://www.tfrrs.org/athletes/8907570/Fairfield/Charlie_Tessier.html","700.2312799123821"
"Daniel Norton","28:29.1","https://www.tfrrs.org/athletes/9214448/Fairfield/Daniel_Norton.html","697.611605940414"
"Declan Toland","28:34.9","https://www.tfrrs.org/athletes/8615825/Sacred_Heart/Declan_Toland.html","692.9007714500864"
"PJ Dauer","28:37.2","https://www.tfrrs.org/athletes/8238054/Siena/PJ_Dauer.html","691.0458861710835"
"Nicholaus Micheal","28:38.3","https://www.tfrrs.org/athletes/8948102/St_Peters/Nicholaus_Micheal.html","690.1613989884811"
"Joey Demilio","28:39.4","https://www.tfrrs.org/athletes/8594275/Manhattanville/Joey__Demilio.html","689.2786088362018"
"Vincent Costello","28:40.0","https://www.tfrrs.org/athletes/9203168/Albany/Vincent_Costello.html","688.7978006600463"
"Owen Trombley","28:42.2","https://www.tfrrs.org/athletes/9197280/Sacred_Heart/Owen_Trombley.html","687.0391346782126"
"Nate Sletten","28:42.3","https://www.tfrrs.org/athletes/7912113/Siena/Nate_Sletten.html","686.9593554075536"
"Jacob Walsh","28:50.8","https://www.tfrrs.org/athletes/9198430/Marywood/Jacob_Walsh.html","680.2285761060278"
"Devin Finn","28:55.5","https://www.tfrrs.org/athletes/8928536/Albany/Devin_Finn.html","676.549238481046"
"Will Spierdowis","28:58.9","https://www.tfrrs.org/athletes/8909915/Fordham/Will_Spierdowis_.html","673.9061668823636"
"Jesse Croteau","29:05.5","https://www.tfrrs.org/athletes/9197271/Sacred_Heart/Jesse_Croteau.html","668.819519119527"
"Jack Cabrera","29:07.3","https://www.tfrrs.org/athletes/9215727/St_Peters/Jack_Cabrera.html","667.4422455638496"
"Ethan Williams","29:11.8","https://www.tfrrs.org/athletes/9198429/Marywood/Ethan_Williams.html","664.0176166760957"
"Latham Gielskie","29:17.4","https://www.tfrrs.org/athletes/9195977/Delhi/Latham_Gielskie.html","659.7925408733139"
"MICHAEL POLAK","29:20.3","https://www.tfrrs.org/athletes/8591427/Seton_Hall/MICHAEL_POLAK.html","657.6203858340024"
"Zach Garrant","29:33.2","https://www.tfrrs.org/athletes/8940334/Manhattanville/Zach_Garrant_.html","648.0868362801544"
"Lukas Paunovic","29:37.9","https://www.tfrrs.org/athletes/9192583/Manhattan/Lukas_Paunovic.html","644.6648418312899"
"Connor Hashim","29:46.7","https://www.tfrrs.org/athletes/8928538/Albany/Connor_Hashim.html","638.3301690566383"
"Tyler DeCiantis","29:48.0","https://www.tfrrs.org/athletes/9197272/Sacred_Heart/Tyler_DeCiantis.html","637.4022858932408"
"Patrick (Gavin) Devine","29:57.3","https://www.tfrrs.org/athletes/8918862/Sacred_Heart/Patrick_(Gavin)_Devine.html","630.8229672886714"
"Johan Aparicio","30:00.6","https://www.tfrrs.org/athletes/9215743/St_Peters/Johan_Aparicio.html","628.5128393441589"
"John Hernandez","30:12.4","https://www.tfrrs.org/athletes/8634548/John_Jay/John_Hernandez.html","620.355359379604"
"Wylie Wakefield","30:29.0","https://www.tfrrs.org/athletes/8892456/Delhi/Wylie_Wakefield.html","609.1457725983511"
"Vincent Pitre","30:58.0","https://www.tfrrs.org/athletes/9203166/Albany/Vincent_Pitre.html","590.2788550812421"
"Christopher Hernandez","30:59.1","https://www.tfrrs.org/athletes/9215725/St_Peters/Christopher_Hernandez.html","589.5805444488537"
"Anthony Ventura","31:14.3","https://www.tfrrs.org/athletes/9192580/Manhattan/Anthony_Ventura.html","580.0566835311431"
"Brody Graff","31:38.0","https://www.tfrrs.org/athletes/8993861/Marywood/Brody_Graff.html","565.6609901256718"
"Daniel Baldessarre","31:53.2","https://www.tfrrs.org/athletes/8265369/Manhattanville/Daniel__Baldessarre.html","556.7085626236911"
"Anson Ng","32:08.8","https://www.tfrrs.org/athletes/9195974/Delhi/Anson_Ng.html","547.7397393756193"
"Austin Price","32:25.3","https://www.tfrrs.org/athletes/9198431/Marywood/Austin_Price.html","538.4873085215611"
"Jake Cook","32:25.7","https://www.tfrrs.org/athletes/9195976/Delhi/Jake_Cook.html","538.2659251810678"
"Danny Noia","32:49.9","https://www.tfrrs.org/athletes/9185690/Manhattanville/Danny__Noia_.html","525.1220867127792"
"Kenneth Montes","33:22.8","https://www.tfrrs.org/athletes/8948103/St_Peters/Kenneth_Montes.html","508.0114256738891"
"Courtney Brown","33:29.2","https://www.tfrrs.org/athletes/8674086/Manhattanville/Courtney__Brown.html","504.7801944304955"
"Tony Echeverria","34:45.4","https://www.tfrrs.org/athletes/8931417/John_Jay/Tony__Echeverria.html","468.56506667381115"
"Darlig Delgado","36:09.4","https://www.tfrrs.org/athletes/8265370/Manhattanville/Darlig__Delgado.html","432.98153316309237"
"Aka Udeagha","41:34.3","https://www.tfrrs.org/athletes/8984445/Manhattanville/Aka__Udeagha_.html","327.5301409657479"
"Robinson Correra","50:26.3","https://www.tfrrs.org/athletes/9217570/John_Jay/Robinson_Correra.html","222.49727165201818"
"Emmanuel Leblond","23:35.0","https://www.tfrrs.org/athletes/8261701/Johns_Hopkins/Emmanuel_Leblond.html","1045.08805000672"
"Mohammed Bati","23:39.6","https://www.tfrrs.org/athletes/8238957/Augsburg/Mohammed_Bati.html","1038.3261224298783"
"Isaac vanWestrienen","23:39.8","https://www.tfrrs.org/athletes/8610918/Cornell_College/Isaac_vanWestrienen.html","1038.0336156005862"
"Ryan Hagan","23:52.7","https://www.tfrrs.org/athletes/8685713/Geneseo_St/Ryan_Hagan.html","1019.4249059579117"
"Grant Matthai","23:53.7","https://www.tfrrs.org/athletes/8280388/Wis_La_Crosse/Grant_Matthai.html","1018.0033123420001"
"Nathan Tassey","23:54.3","https://www.tfrrs.org/athletes/8264910/Roger_Williams/Nathan_Tassey.html","1017.1517830506526"
"Aidan Matthai","23:55.2","https://www.tfrrs.org/athletes/8280387/Wis_La_Crosse/Aidan_Matthai.html","1015.8764910021052"
"Jacob Curulewski","23:56.0","https://www.tfrrs.org/athletes/8266439/Carthage/Jacob_Curulewski.html","1014.7449104817164"
"Jayden Zywicki","24:02.7","https://www.tfrrs.org/athletes/8280390/Wis_La_Crosse/Jayden_Zywicki.html","1005.341702788776"
"Isaiah Hammerand","24:09.9","https://www.tfrrs.org/athletes/8585435/Wartburg/Isaiah_Hammerand.html","995.3817225543061"
"Jack Stein","24:10.2","https://www.tfrrs.org/athletes/8262564/Pomona_Pitzer/Jack__Stein.html","994.9699398624434"
"Kevin Turlington","24:12.3","https://www.tfrrs.org/athletes/8254424/St_Olaf/Kevin_Turlington.html","992.0946024949426"
"Lance Sobaski","24:12.9","https://www.tfrrs.org/athletes/8352892/Wartburg/Lance_Sobaski.html","991.2753666896605"
"Isaac Bourne","24:14.3","https://www.tfrrs.org/athletes/8920410/Loras/Isaac_Bourne.html","989.367758178535"
"Emerson Comer","24:14.5","https://www.tfrrs.org/athletes/8623439/Geneseo_St/Emerson_Comer.html","989.0956922487944"
"Will Shuflit","24:15.2","https://www.tfrrs.org/athletes/8584739/Colorado_College/Will_Shuflit.html","988.1443447244608"
"Joey Sullivan","24:16.2","https://www.tfrrs.org/athletes/8280389/Wis_La_Crosse/Joey_Sullivan.html","986.7876560058139"
"Eli Larson","24:17.0","https://www.tfrrs.org/athletes/8352862/Wartburg/Eli_Larson.html","985.704315721328"
"Anthony Clark","24:22.9","https://www.tfrrs.org/athletes/9193666/Johns_Hopkins/Anthony_Clark.html","977.7694904476355"
"Cameron Cullen","24:26.8","https://www.tfrrs.org/athletes/8262614/Wis_Oshkosh/Cameron_Cullen.html","972.5769195223822"
"Cullen McCaleb","24:27.7","https://www.tfrrs.org/athletes/8250207/Tufts/Cullen_McCaleb.html","971.384508467264"
"Evan Lacey","24:27.9","https://www.tfrrs.org/athletes/8625312/RPI/Evan_Lacey.html","971.1198260411171"
"Amir Barkan","24:30.8","https://www.tfrrs.org/athletes/9212009/Pomona_Pitzer/Amir_Barkan.html","967.2940562895628"
"Jack Hesse-Withbroe","24:31.6","https://www.tfrrs.org/athletes/8005554/Wis_Eau_Claire/Jack_Hesse-Withbroe.html","966.2426497843198"
"Luke Holland","24:31.8","https://www.tfrrs.org/athletes/8250855/UC_Santa_Cruz/Luke_Holland.html","965.9800660095189"
"Colin Goldschmidt","24:32.4","https://www.tfrrs.org/athletes/8625311/RPI/Colin_Goldschmidt.html","965.1929565974932"
"Renne Cooper","24:32.6","https://www.tfrrs.org/athletes/8905801/MIT/Renne_Cooper.html","964.9308005705642"
"Tobin Durham","24:33.1","https://www.tfrrs.org/athletes/8270865/RPI/Tobin_Durham.html","964.2758775904313"
"Pierce Young","24:33.3","https://www.tfrrs.org/athletes/8623446/Geneseo_St/Pierce_Young.html","964.0140950810928"
"BJ Sorg","24:33.7","https://www.tfrrs.org/athletes/8582903/North_Central_IL/BJ_Sorg.html","963.4908497714645"
"Theo Udelson-Nee","24:33.8","https://www.tfrrs.org/athletes/9178753/NYU/Theo_Udelson-Nee.html","963.3601050079319"
"Oscar Frontjes","24:34.9","https://www.tfrrs.org/athletes/8895255/North_Central_IL/Oscar_Frontjes.html","961.9236673541343"
"Liam Hagerty","24:37.6","https://www.tfrrs.org/athletes/8902262/NYU/Liam_Hagerty.html","958.4114570240195"
"Jefferson Wright","24:38.1","https://www.tfrrs.org/athletes/8918508/Pomona_Pitzer/Jefferson__Wright.html","957.7631589690209"
"Harris Gulbransen","24:38.1","https://www.tfrrs.org/athletes/8626974/Tufts/Harris_Gulbransen.html","957.7631589690209"
"Eric Rutherford","24:38.8","https://www.tfrrs.org/athletes/8233050/Loras/Eric_Rutherford.html","956.8566462100406"
"Jack Kinzer","24:40.8","https://www.tfrrs.org/athletes/7918369/Wartburg/Jack_Kinzer.html","954.2736897791029"
"Sanju Patel","24:41.6","https://www.tfrrs.org/athletes/8586789/U_of_Chicago/Sanju_Patel.html","953.2434348584836"
"Gavin Byerly","24:42.6","https://www.tfrrs.org/athletes/8239137/Manchester/Gavin_Byerly.html","951.9579607482524"
"Jeffrey Chen","24:43.2","https://www.tfrrs.org/athletes/8259472/NYU/Jeffrey_Chen.html","951.1879240066529"
"Anson Butler","24:44.1","https://www.tfrrs.org/athletes/8270768/Geneseo_St/Anson_Butler.html","950.0346195670583"
"Donovan Crowley","24:44.5","https://www.tfrrs.org/athletes/8927609/Case_Western/Donovan_Crowley.html","949.5227129988233"
"Yichen Sun","24:44.9","https://www.tfrrs.org/athletes/8587794/MIT/Yichen_Sun.html","949.0112200645975"
"Alex Hrycyszyn","24:46.7","https://www.tfrrs.org/athletes/8600935/NYU/Alex_Hrycyszyn.html","946.7146086500978"
"Jacob Kluckhohn","24:47.6","https://www.tfrrs.org/athletes/7736900/North_Central_IL/Jacob_Kluckhohn.html","945.56942795077"
"Ashton Deriso","24:48.6","https://www.tfrrs.org/athletes/7901326/Oglethorpe/Ashton_Deriso.html","944.2994402786562"
"Stan Craig","24:49.3","https://www.tfrrs.org/athletes/8628820/Amherst/Stan_Craig.html","943.4119706425838"
"Ellis Iurilli-Hough","24:49.3","https://www.tfrrs.org/athletes/8623316/Conn_College/Ellis_Iurilli-Hough.html","943.4119706425838"
"Cian Monaghan","24:49.9","https://www.tfrrs.org/athletes/8257960/Puget_Sound/Cian_Monaghan.html","942.6522777699015"
"Gael Manzur Strandlund","24:50.3","https://www.tfrrs.org/athletes/8254417/St_Olaf/Gael_Manzur_Strandlund.html","942.1463255333134"
"Spencer May","24:50.9","https://www.tfrrs.org/athletes/8586795/U_of_Chicago/Spencer_May.html","941.3881606024771"
"Micah Lachman","24:51.2","https://www.tfrrs.org/athletes/8234098/Haverford/Micah_Lachman.html","941.009421278612"
"Oliver Moss","24:53.0","https://www.tfrrs.org/athletes/8907113/Carnegie_Mellon/Oliver_Moss.html","938.7417777378178"
"Kenny Wanlass","24:53.9","https://www.tfrrs.org/athletes/8615741/Johns_Hopkins/Kenny_Wanlass.html","937.6110285514777"
"Harrison Dow","24:53.9","https://www.tfrrs.org/athletes/8628816/Amherst/Harrison_Dow.html","937.6110285514777"
"Sean Miller","24:54.4","https://www.tfrrs.org/athletes/8600514/Vassar/Sean_Miller.html","936.9837171392331"
"Carter Bengtson","24:54.5","https://www.tfrrs.org/athletes/9211174/Amherst/Carter_Bengtson.html","936.8583304052879"
"Quinn Hampson","24:55.5","https://www.tfrrs.org/athletes/8250204/Tufts/Quinn_Hampson.html","935.6058461463541"
"Jack Loughery","24:56.3","https://www.tfrrs.org/athletes/8270870/RPI/Jack_Loughery.html","934.605666252684"
"Mateo Alvarado-Venegas","24:56.5","https://www.tfrrs.org/athletes/8944177/Wis_Stevens_Point/Mateo_Alvarado-Venegas.html","934.3558718755413"
"Owen Johnson","24:56.9","https://www.tfrrs.org/athletes/8239821/Middlebury/Owen_Johnson.html","933.856583461837"
"Max Sudrzynski","24:57.5","https://www.tfrrs.org/athletes/9196541/Washington_U/Max_Sudrzynski.html","933.108400890613"
"Luke Zanuck","24:57.6","https://www.tfrrs.org/athletes/8280524/Williams/Luke_Zanuck.html","932.9837912154753"
"Logan Murphy","24:58.0","https://www.tfrrs.org/athletes/8598730/Wis_Stevens_Point/Logan_Murphy.html","932.4856020420218"
"Stian Asper","24:58.2","https://www.tfrrs.org/athletes/8623857/Redlands/Stian_Asper.html","932.2366570782929"
"Henry Dennen","24:59.1","https://www.tfrrs.org/athletes/8271782/Amherst/Henry_Dennen.html","931.1176374847234"
"Conor Daly","24:59.5","https://www.tfrrs.org/athletes/8238847/Washington_U/Conor_Daly.html","930.6209420811517"
"Andy Taylor","24:59.7","https://www.tfrrs.org/athletes/8259481/NYU/Andy_Taylor.html","930.3727434045433"
"Keaton Rush","24:59.9","https://www.tfrrs.org/athletes/8230588/Washington__Lee/Keaton_Rush.html","930.1246440074048"
"Sam Daunt","25:01.1","https://www.tfrrs.org/athletes/8892977/Washington__Lee/Sam__Daunt_.html","928.6381295311627"
"Mason Brown","25:02.1","https://www.tfrrs.org/athletes/8280396/Wis_La_Crosse/Mason_Brown.html","927.4020879676895"
"Chuck Vater","25:02.2","https://www.tfrrs.org/athletes/8946820/Wis_La_Crosse/Chuck_Vater.html","927.2786195587106"
"Ryan Podnar","25:02.9","https://www.tfrrs.org/athletes/8240163/Carnegie_Mellon/Ryan_Podnar.html","926.415030669986"
"Peter Neid","25:03.5","https://www.tfrrs.org/athletes/8625208/Pomona_Pitzer/Peter_Neid.html","925.6757714649433"
"Eli Welch","25:03.6","https://www.tfrrs.org/athletes/8929949/Williams/Eli_Welch.html","925.5526476302158"
"Collin Brown","25:04.3","https://www.tfrrs.org/athletes/8582027/Geneseo_St/Collin_Brown.html","924.6914681954389"
"Brady Ott","25:04.6","https://www.tfrrs.org/athletes/8918347/Johns_Hopkins/Brady_Ott.html","924.3227591903532"
"Liam Calhoun","25:07.4","https://www.tfrrs.org/athletes/8277198/Wesleyan/Liam_Calhoun.html","920.8920838280937"
"Paulino Guevara Mateo","25:07.4","https://www.tfrrs.org/athletes/9197574/Fitchburg_St/Paulino_Guevara_Mateo.html","920.8920838280937"
"Nikhil DeNatale","25:08.6","https://www.tfrrs.org/athletes/8280525/Williams/Nikhil_DeNatale.html","919.4276386574174"
"Landon Hering","25:09.7","https://www.tfrrs.org/athletes/8905802/MIT/Landon_Hering.html","918.0882971334421"
"Anthony Carney","25:10.4","https://www.tfrrs.org/athletes/8245807/Dubuque/Anthony__Carney.html","917.2375120618098"
"Joshua Pohle","25:11.6","https://www.tfrrs.org/athletes/8258900/Rose_Hulman/Joshua_Pohle.html","915.7817722905402"
"Sam Hansen","25:12.9","https://www.tfrrs.org/athletes/9178551/MIT/Sam_Hansen.html","914.2086282461129"
"Tim Neumann","25:12.9","https://www.tfrrs.org/athletes/8241897/MIT/Tim_Neumann.html","914.2086282461129"
"Gabe Nichols","25:13.0","https://www.tfrrs.org/athletes/8365829/Carleton/Gabe_Nichols.html","914.0877850978696"
"Jack Brown","25:13.8","https://www.tfrrs.org/athletes/8613773/Central_College/Jack_Brown.html","913.1219018895475"
"Jonathan Cobb","25:13.9","https://www.tfrrs.org/athletes/7729437/Lynchburg/Jonathan_Cobb.html","913.0012741408246"
"Nicolo Fasanelli","25:14.2","https://www.tfrrs.org/athletes/8588893/Carnegie_Mellon/Nicolo_Fasanelli.html","912.6395342794265"
"Dom Flitcraft","25:14.3","https://www.tfrrs.org/athletes/8624909/Washington__Jefferson/Dom_Flitcraft.html","912.5190020995097"
"Zach Sporaa","25:14.6","https://www.tfrrs.org/athletes/8612116/Wis_Platteville/Zach_Sporaa.html","912.1575487930967"
"Jacob Dinerman","25:14.7","https://www.tfrrs.org/athletes/8932490/Rutgers_Camden/Jacob_Dinerman.html","912.0371120810582"
"Solomon Zaugg","25:14.8","https://www.tfrrs.org/athletes/8896808/Wartburg/Solomon_Zaugg.html","911.9166992202354"
"Matthew Conway","25:15.5","https://www.tfrrs.org/athletes/7912199/Rowan/Matthew_Conway.html","911.0744764997718"
"Carston Cole","25:16.5","https://www.tfrrs.org/athletes/8239853/Hope/Carston_Cole.html","909.8733237279062"
"Payne Ratliff","25:16.5","https://www.tfrrs.org/athletes/8262437/Otterbein/Payne_Ratliff.html","909.8733237279062"
"Rory Lieberman","25:17.2","https://www.tfrrs.org/athletes/8894620/Lebanon_Valley/Rory_Lieberman.html","909.0339295824544"
"Tyler Bolaske","25:18.3","https://www.tfrrs.org/athletes/8594390/Keene_State/Tyler_Bolaske.html","907.7172265619776"
"Jacob Slater","25:18.6","https://www.tfrrs.org/athletes/8595348/Case_Western/Jacob_Slater.html","907.3586222290567"
"Nico Castellanos","25:18.9","https://www.tfrrs.org/athletes/9209054/Wis_La_Crosse/Nico_Castellanos.html","907.0002303604361"
"Justin Cascio","25:19.1","https://www.tfrrs.org/athletes/8270864/RPI/Justin_Cascio.html","906.7614204008707"
"Jonah Reisner","25:20.0","https://www.tfrrs.org/athletes/8626979/Tufts/Jonah_Reisner.html","905.6879418822305"
"Evan Parker","25:20.5","https://www.tfrrs.org/athletes/9164616/U_of_Chicago/Evan_Parker.html","905.0923884267658"
"Gavin Hefferan","25:21.5","https://www.tfrrs.org/athletes/8586651/Moravian/Gavin_Hefferan.html","903.9030424468931"
"Nathaniel Aronson","25:22.2","https://www.tfrrs.org/athletes/8582669/Bates/Nathaniel_Aronson.html","903.0718945748868"
"Liam Eifert","25:22.4","https://www.tfrrs.org/athletes/8586786/U_of_Chicago/Liam_Eifert.html","902.834634308042"
"Alexander Kermath","25:22.8","https://www.tfrrs.org/athletes/8277201/Wesleyan/Alexander_Kermath.html","902.3603941931452"
"Jack Deaver","25:23.3","https://www.tfrrs.org/athletes/8254411/St_Olaf/Jack_Deaver.html","901.7681193285931"
"Derick Koen","25:24.1","https://www.tfrrs.org/athletes/8243949/RIT/Derick_Koen.html","900.8216917185285"
"Rabbit Barnes","25:24.3","https://www.tfrrs.org/athletes/8230784/Colorado_College/Rabbit_Barnes.html","900.5853176204328"
"Camden Jaureguy","25:24.5","https://www.tfrrs.org/athletes/8595236/UC_Santa_Cruz/Camden_Jaureguy.html","900.3490365463817"
"Alex Jordan","25:24.6","https://www.tfrrs.org/athletes/8930136/Lynchburg/Alex_Jordan.html","900.23093087812"
"London Haley","25:24.9","https://www.tfrrs.org/athletes/8594665/Whitworth/London_Haley.html","899.8767532752212"
"Luke Munoz","25:25.1","https://www.tfrrs.org/athletes/8902271/NYU/Luke__Munoz.html","899.6407509805962"
"Sean Green","25:25.4","https://www.tfrrs.org/athletes/8896201/Washington_U/Sean_Green.html","899.2869215778436"
"Amos Bixler","25:26.6","https://www.tfrrs.org/athletes/8260160/Houghton/Amos_Bixler.html","897.8736893368866"
"Amokrane Aouchiche","25:26.7","https://www.tfrrs.org/athletes/8250205/Tufts/Amokrane_Aouchiche.html","897.7560703831122"
"Malcolm Oakes","25:28.0","https://www.tfrrs.org/athletes/8929947/Williams/Malcolm_Oakes.html","896.2291248032817"
"Jorge Clemente-Garcia","25:28.9","https://www.tfrrs.org/athletes/9164251/Pfeiffer/Jorge_Clemente-Garcia.html","895.1742895563506"
"Caden Schneider","25:29.9","https://www.tfrrs.org/athletes/8288384/Wis_Platteville/Caden_Schneider.html","894.0044330561648"
"Logan Begeman","25:30.2","https://www.tfrrs.org/athletes/8899242/Hope/Logan_Begeman.html","893.6539232677636"
"John Urciuoli","25:30.2","https://www.tfrrs.org/athletes/8606594/Emory/John_Urciuoli.html","893.6539232677636"
"Dylan Cote","25:30.6","https://www.tfrrs.org/athletes/8932601/Wesleyan/Dylan_Cote.html","893.1868974470116"
"Isaac Cohen","25:30.9","https://www.tfrrs.org/athletes/8891510/U_of_Chicago/Isaac_Cohen.html","892.836868294911"
"Caden Hildenbrand","25:31.0","https://www.tfrrs.org/athletes/8244622/George_Fox/Caden_Hildenbrand.html","892.7202376339476"
"Joshua Stone","25:31.2","https://www.tfrrs.org/athletes/8288386/Wis_Platteville/Joshua_Stone.html","892.4870448607935"
"Cameron Miles","25:32.1","https://www.tfrrs.org/athletes/8896582/Middlebury/Cameron__Miles.html","891.43880725539"
"Sam Su","25:32.3","https://www.tfrrs.org/athletes/8922701/John_Carroll/Sam_Su.html","891.20611636438"
"Cedar Nichols-Barnhart","25:33.0","https://www.tfrrs.org/athletes/9193663/Johns_Hopkins/Cedar_Nichols-Barnhart.html","890.3924153190393"
"Jerry Xu","25:33.5","https://www.tfrrs.org/athletes/8894117/Claremont_Mudd_Scripps/Jerry_Xu.html","889.8118823823448"
"Nathan Caldwell","25:33.7","https://www.tfrrs.org/athletes/8583511/Dickinson_College/Nathan_Caldwell.html","889.5798281696445"
"Aidan Armstrong","25:33.9","https://www.tfrrs.org/athletes/8233256/North_Central_IL/Aidan_Armstrong.html","889.3478647213033"
"Eli Doran","25:34.2","https://www.tfrrs.org/athletes/8254414/St_Olaf/Eli_Doran.html","889.0000896284419"
"Dylan Fiegener","25:34.4","https://www.tfrrs.org/athletes/9178552/MIT/Dylan_Fiegener.html","888.7683528840032"
"Calvin Cummings","25:34.5","https://www.tfrrs.org/athletes/8250206/Tufts/Calvin_Cummings.html","888.6525184893026"
"Luke Knestout","25:35.0","https://www.tfrrs.org/athletes/8891273/Dickinson_College/Luke_Knestout.html","888.0736860548993"
"Zachary Benner","25:35.5","https://www.tfrrs.org/athletes/8262225/Oglethorpe/Zachary_Benner.html","887.4954189785433"
"Thomas Franklin","25:36.5","https://www.tfrrs.org/athletes/8587045/Washington__Lee/Thomas_Franklin.html","886.3405779570764"
"Joseph Chukoskie","25:37.2","https://www.tfrrs.org/athletes/8234774/Lebanon_Valley/Joseph_Chukoskie.html","885.5335298969736"
"Benjamin Hughes","25:37.5","https://www.tfrrs.org/athletes/8587285/Middlebury/Benjamin_Hughes.html","885.1879895510684"
"Max Voss","25:37.5","https://www.tfrrs.org/athletes/8944341/Wis_Platteville/Max_Voss.html","885.1879895510684"
"Jacob Cobb","25:37.9","https://www.tfrrs.org/athletes/8241898/MIT/Jacob_Cobb.html","884.72758360889"
"Noah Bender","25:38.6","https://www.tfrrs.org/athletes/8586783/U_of_Chicago/Noah_Bender.html","883.9227370882381"
"William Dunaway","25:38.7","https://www.tfrrs.org/athletes/8587044/Washington__Lee/William_Dunaway.html","883.8078486741156"
"Noah Mahoney","25:39.0","https://www.tfrrs.org/athletes/8627107/Wesleyan/Noah_Mahoney.html","883.4633177939758"
"Louka Fetter","25:39.3","https://www.tfrrs.org/athletes/8244055/Messiah/Louka_Fetter.html","883.1189883349853"
"Adam Kollgaard","25:39.3","https://www.tfrrs.org/athletes/8588896/Carnegie_Mellon/Adam_Kollgaard.html","883.1189883349853"
"Cole Stencel","25:39.7","https://www.tfrrs.org/athletes/8631217/St_Johns_MN/Cole_Stencel.html","882.6601954401561"
"Simon Lane","25:39.8","https://www.tfrrs.org/athletes/9164464/Haverford/Simon_Lane.html","882.5455530796004"
"Hale Behan","25:40.2","https://www.tfrrs.org/athletes/8243872/Claremont_Mudd_Scripps/Hale_Behan.html","882.0872069159035"
"Andrew Namatka","25:40.3","https://www.tfrrs.org/athletes/8892549/Lebanon_Valley/Andrew_Namatka.html","881.9726761656215"
"Max Sporaa","25:40.5","https://www.tfrrs.org/athletes/8612115/Wis_Platteville/Max_Sporaa.html","881.7436815732677"
"Sean Heetland","25:40.6","https://www.tfrrs.org/athletes/8935266/Wis_Stevens_Point/Sean_Heetland.html","881.6292177196159"
"Paul Hobbs","25:41.3","https://www.tfrrs.org/athletes/8233242/Coast_Guard/Paul_Hobbs.html","880.8285944645577"
"Dan Anderson","25:42.7","https://www.tfrrs.org/athletes/8257607/Wis_Whitewater/Dan_Anderson.html","879.230616262722"
"Ryan Van de Berghe","25:43.0","https://www.tfrrs.org/athletes/8923313/Emory/Ryan_Van_de_Berghe.html","878.8887581382546"
"Jack Elfenbaum","25:43.2","https://www.tfrrs.org/athletes/8589156/Occidental/Jack_Elfenbaum.html","878.6609634763099"
"Jacob Bach","25:43.2","https://www.tfrrs.org/athletes/9167162/Cornell_College/Jacob_Bach.html","878.6609634763099"
"Connor Hitt","25:43.8","https://www.tfrrs.org/athletes/8923131/Geneseo_St/Connor_Hitt.html","877.9781106064472"
"Patrick Russell","25:44.0","https://www.tfrrs.org/athletes/8240824/St_Lawrence/Patrick_Russell.html","877.75066986895"
"Will Wise","25:44.4","https://www.tfrrs.org/athletes/8277294/Wesleyan/Will_Wise.html","877.2960534477929"
"Mike Brown","25:44.9","https://www.tfrrs.org/athletes/8280702/Wis_Stevens_Point/Mike_Brown.html","876.7282794255464"
"Paul Proteau","25:44.9","https://www.tfrrs.org/athletes/8262618/Wis_Oshkosh/Paul_Proteau.html","876.7282794255464"
"Andrew Thaler","25:45.1","https://www.tfrrs.org/athletes/8942459/Wis_Eau_Claire/Andrew_Thaler.html","876.50132413801"
"Trent Chadwick","25:45.3","https://www.tfrrs.org/athletes/8262615/Wis_Oshkosh/Trent_Chadwick.html","876.2744569656357"
"Alex Metko","25:45.5","https://www.tfrrs.org/athletes/8257615/Wis_Whitewater/Alex_Metko.html","876.0476778628157"
"Charlie Houck","25:45.9","https://www.tfrrs.org/athletes/9196546/Washington_U/Charlie_Houck.html","875.5943836835519"
"Jack Czarnecki","25:46.5","https://www.tfrrs.org/athletes/8625314/RPI/Jack_Czarnecki.html","874.9151017977999"
"Chris Gould","25:46.5","https://www.tfrrs.org/athletes/8262700/Colby/Chris_Gould.html","874.9151017977999"
"Rishi Shadaksharappa","25:46.5","https://www.tfrrs.org/athletes/9196547/Washington_U/Rishi_Shadaksharappa.html","874.9151017977999"
"Alex Bjork","25:46.8","https://www.tfrrs.org/athletes/8613874/St_Olaf/Alex_Bjork.html","874.5757572448783"
"Axel Klomparens","25:47.3","https://www.tfrrs.org/athletes/8230788/Colorado_College/Axel_Klomparens.html","874.0106215565881"
"Elias Kretchmar","25:48.4","https://www.tfrrs.org/athletes/8899246/Hope/Elias_Kretchmar.html","872.7692495789125"
"Matt Granizo","25:49.1","https://www.tfrrs.org/athletes/8264495/TCNJ/Matt_Granizo.html","871.9806620884897"
"Nicholas Lyndaker","25:49.4","https://www.tfrrs.org/athletes/8240819/St_Lawrence/Nicholas_Lyndaker.html","871.6430231659962"
"Grant Musick","25:50.0","https://www.tfrrs.org/athletes/9164614/U_of_Chicago/Grant_Musick.html","870.9683333713655"
"Ethan Sholk","25:50.2","https://www.tfrrs.org/athletes/9199621/Middlebury/Ethan_Sholk.html","870.743610845468"
"Keiyu Mamiya","25:50.4","https://www.tfrrs.org/athletes/8929944/Williams/Keiyu_Mamiya.html","870.5189752808827"
"Ari Elmayan","25:50.9","https://www.tfrrs.org/athletes/8895266/North_Central_IL/Ari_Elmayan.html","869.9577665308193"
"Cohen Manges","25:51.5","https://www.tfrrs.org/athletes/8599025/Swarthmore/Cohen_Manges.html","869.2850321057613"
"Pierce Clark","25:52.8","https://www.tfrrs.org/athletes/8894109/Claremont_Mudd_Scripps/Pierce__Clark.html","867.8301151870048"
"Huck Oakes","25:53.1","https://www.tfrrs.org/athletes/8902272/NYU/Huck_Oakes.html","867.4948838564043"
"Thomas Blake","25:53.4","https://www.tfrrs.org/athletes/8923138/Geneseo_St/Thomas_Blake.html","867.1598467314577"
"York Bourgeois","25:54.0","https://www.tfrrs.org/athletes/8907112/Carnegie_Mellon/York_Bourgeois.html","866.4903544987507"
"Martin Kimmel","25:54.4","https://www.tfrrs.org/athletes/8935268/Wis_Stevens_Point/Martin_Kimmel.html","866.0444569867713"
"Cannon Powell","25:54.5","https://www.tfrrs.org/athletes/8600269/Pfeiffer/Cannon_Powell.html","865.9330363883871"
"Ryan Weber","25:54.6","https://www.tfrrs.org/athletes/8582605/Misericordia/Ryan_Weber.html","865.8216372907779"
"Malachi Kurth","25:55.5","https://www.tfrrs.org/athletes/8935263/Wis_Stevens_Point/Malachi_Kurth.html","864.8200120350234"
"Rhys Phelps","25:55.7","https://www.tfrrs.org/athletes/8593661/Rose_Hulman/Rhys_Phelps.html","864.5976646874307"
"Lukas Walko","25:55.8","https://www.tfrrs.org/athletes/8584839/Lebanon_Valley/Lukas_Walko.html","864.4865231681591"
"Ryan Rininger","25:56.2","https://www.tfrrs.org/athletes/8280705/Wis_Stevens_Point/Ryan_Rininger.html","864.0421713260159"
"Thomas Stephens","25:56.5","https://www.tfrrs.org/athletes/8271785/Amherst/Thomas_Stephens.html","863.7091322369589"
"Randy White","25:57.2","https://www.tfrrs.org/athletes/8624430/Lynchburg/Randy_White.html","862.9327894395874"
"Bennett Melita","25:58.7","https://www.tfrrs.org/athletes/8619670/Utica/Bennett_Melita.html","861.2727184088087"
"Ben Lorenz","25:59.0","https://www.tfrrs.org/athletes/8896203/Washington_U/Ben_Lorenz.html","860.9412790820852"
"Ander Julian","25:59.4","https://www.tfrrs.org/athletes/8585414/Wartburg/Ander_Julian.html","860.4996575047984"
"Lance Miller","25:59.6","https://www.tfrrs.org/athletes/8245653/Knox/Lance_Miller_.html","860.2789741287731"
"Tiernan Colby","25:59.8","https://www.tfrrs.org/athletes/8625210/Pomona_Pitzer/Tiernan_Colby.html","860.0583756364101"
"Cooper Jacobsen","26:00.9","https://www.tfrrs.org/athletes/8899245/Hope/Cooper_Jacobsen.html","858.8465992801533"
"Avery Smart","26:01.7","https://www.tfrrs.org/athletes/8626980/Tufts/Avery_Smart.html","857.9669152210665"
"Jacob Pippel","26:01.9","https://www.tfrrs.org/athletes/8894114/Claremont_Mudd_Scripps/Jacob_Pippel.html","857.7472053845227"
"Zach Utz","26:03.3","https://www.tfrrs.org/athletes/8239823/Middlebury/Zach__Utz.html","856.2115968848165"
"Jacob Clouse","26:03.5","https://www.tfrrs.org/athletes/8239065/Ohio_Northern/Jacob_Clouse.html","855.992560918231"
"Jack Galminas","26:03.5","https://www.tfrrs.org/athletes/9175717/North_Central_IL/Jack_Galminas.html","855.992560918231"
"Ian Barnes","26:03.5","https://www.tfrrs.org/athletes/8351611/Wis_Eau_Claire/Ian_Barnes.html","855.992560918231"
"Kevin Matthews","26:04.9","https://www.tfrrs.org/athletes/8258446/TCNJ/Kevin__Matthews.html","854.4616598636816"
"Jonathan Harlow","26:05.0","https://www.tfrrs.org/athletes/8239857/Hope/Jonathan_Harlow.html","854.3524669741266"
"William Wadsley","26:05.2","https://www.tfrrs.org/athletes/8613783/Central_College/William_Wadsley.html","854.1341439782825"
"Lucas Guidone","26:05.7","https://www.tfrrs.org/athletes/8239856/Hope/Lucas_Guidone.html","853.588702474913"
"Paul Pfeifer","26:06.3","https://www.tfrrs.org/athletes/8612111/Wis_Platteville/Paul_Pfeifer.html","852.9348620527293"
"Cameron Sidebotham","26:06.4","https://www.tfrrs.org/athletes/8930137/Lynchburg/Cameron_Sidebotham.html","852.8259616906131"
"Ryan Hardiman","26:06.5","https://www.tfrrs.org/athletes/8280522/Williams/Ryan_Hardiman.html","852.7170821833109"
"Cooper Gundersen","26:06.8","https://www.tfrrs.org/athletes/8920019/St_Olaf/Cooper_Gundersen.html","852.3905687370487"
"Wyatt Leitzel","26:07.6","https://www.tfrrs.org/athletes/8892548/Lebanon_Valley/Wyatt_Leitzel.html","851.5207824990512"
"Connor Oiler","26:07.8","https://www.tfrrs.org/athletes/8261703/Johns_Hopkins/Connor_Oiler.html","851.3035439560228"
"Jack Crum","26:08.0","https://www.tfrrs.org/athletes/8582673/Bates/Jack_Crum.html","851.0863885346866"
"Jack Weddle","26:08.2","https://www.tfrrs.org/athletes/8930141/Lynchburg/Jack_Weddle.html","850.8693161926412"
"Eric Shelton","26:09.5","https://www.tfrrs.org/athletes/7886717/Lebanon_Valley/Eric_Shelton.html","849.4603681031829"
"Eduardo del Rosal","26:10.6","https://www.tfrrs.org/athletes/8593641/Rose_Hulman/Eduardo_del_Rosal.html","848.2709128757024"
"Moksh Patwari","26:10.8","https://www.tfrrs.org/athletes/8893247/TCNJ/Moksh_Patwari.html","848.0549167182289"
"Danny Reyes","26:10.9","https://www.tfrrs.org/athletes/8283084/Colby/Danny_Reyes.html","847.9469495753078"
"Ian Sharp","26:11.2","https://www.tfrrs.org/athletes/9212013/Pomona_Pitzer/Ian_Sharp.html","847.6231718268061"
"Joey Wilson","26:11.2","https://www.tfrrs.org/athletes/8621668/DeSales/Joey_Wilson.html","847.6231718268061"
"Jackson Kodenski","26:11.5","https://www.tfrrs.org/athletes/8587043/Washington__Lee/Jackson_Kodenski.html","847.2995794885231"
"Jack Nelson","26:12.6","https://www.tfrrs.org/athletes/8942454/Wis_Eau_Claire/Jack_Nelson.html","846.1146582496918"
"Matthew Short","26:13.2","https://www.tfrrs.org/athletes/8588903/Carnegie_Mellon/Matthew__Short.html","845.4693849398869"
"Liam Sakakeeny","26:13.5","https://www.tfrrs.org/athletes/8921814/Rochester/Liam_Sakakeeny.html","845.1470250591294"
"Rick Yanashita","26:14.1","https://www.tfrrs.org/athletes/8280521/Williams/Rick_Yanashita.html","844.5028581426958"
"Nathan Massie","26:15.8","https://www.tfrrs.org/athletes/8588899/Carnegie_Mellon/Nathan_Massie.html","842.6817127507293"
"Tucker Johnson","26:16.1","https://www.tfrrs.org/athletes/8257612/Wis_Whitewater/Tucker_Johnson.html","842.3609457257834"
"Aiden Moore","26:16.4","https://www.tfrrs.org/athletes/9169651/Hope/Aiden_Moore.html","842.0403618160693"
"Colby Cryer","26:16.7","https://www.tfrrs.org/athletes/8592792/Loras/Colby_Cryer.html","841.7199608822348"
"Karan Shetty","26:18.0","https://www.tfrrs.org/athletes/8239055/Benedictine_IL/Karan_Shetty.html","840.3336678299628"
"Liam McGoldrick","26:18.1","https://www.tfrrs.org/athletes/8262701/Colby/Liam_McGoldrick.html","840.2271717849752"
"Joe Berry","26:18.7","https://www.tfrrs.org/athletes/8921810/Rochester/Joe_Berry.html","839.5886204425232"
"Cameron Thompson","26:18.9","https://www.tfrrs.org/athletes/8581610/UMass_Dartmouth/Cameron_Thompson.html","839.3759317491539"
"Harrison Talcott","26:20.0","https://www.tfrrs.org/athletes/8628817/Amherst/Harrison_Talcott.html","838.2075872955877"
"Ryan McGrath","26:20.1","https://www.tfrrs.org/athletes/8233049/Loras/Ryan_McGrath.html","838.1014951414942"
"Gavin O'Connor","26:20.3","https://www.tfrrs.org/athletes/9196539/Washington_U/Gavin_O'Connor.html","837.889371250888"
"Rowan Cassidy","26:20.6","https://www.tfrrs.org/athletes/8261706/Johns_Hopkins/Rowan_Cassidy.html","837.5713363824882"
"Eli Ziegler","26:22.0","https://www.tfrrs.org/athletes/8916427/Colby/Eli__Ziegler.html","836.0895651796625"
"Stephen White","26:24.0","https://www.tfrrs.org/athletes/8916422/Colby/Stephen_White.html","833.9795608088082"
"Keegan Bratt","26:24.4","https://www.tfrrs.org/athletes/8608844/Wis_Whitewater/Keegan_Bratt.html","833.5585185028534"
"Jonas Rickert","26:24.7","https://www.tfrrs.org/athletes/8894115/Claremont_Mudd_Scripps/Jonas_Rickert.html","833.242945983927"
"Will Boschen","26:25.9","https://www.tfrrs.org/athletes/8593636/Rose_Hulman/Will_Boschen.html","831.9824462775802"
"Nolan Crooks","26:27.0","https://www.tfrrs.org/athletes/8582894/North_Central_IL/Nolan_Crooks.html","830.8294991817596"
"Alex Blumen","26:28.0","https://www.tfrrs.org/athletes/9188259/Wesleyan/Alex_Blumen.html","829.7834438883193"
"Vincent Mangat","26:28.1","https://www.tfrrs.org/athletes/8892497/Colorado_College/Vincent_Mangat.html","829.6789470280645"
"Tyler Schermerhorn","26:29.5","https://www.tfrrs.org/athletes/8352891/Wartburg/Tyler_Schermerhorn.html","828.2180612268269"
"James Catania","26:30.5","https://www.tfrrs.org/athletes/7918414/Rochester/James_Catania.html","827.1769324029711"
"Jackson Burger","26:31.6","https://www.tfrrs.org/athletes/8618218/RIT/Jackson_Burger.html","826.0339565313656"
"Sawyer Helms","26:32.7","https://www.tfrrs.org/athletes/8256111/Pfeiffer/Sawyer_Helms.html","824.893348034482"
"Evan Melito","26:32.9","https://www.tfrrs.org/athletes/8614448/TCNJ/Evan_Melito.html","824.6862185066014"
"Brinson Wyche","26:33.4","https://www.tfrrs.org/athletes/8239553/WPI/Brinson_Wyche.html","824.1687358735231"
"Thomas Manson","26:36.5","https://www.tfrrs.org/athletes/8930967/RPI/Thomas_Manson.html","820.9711880208931"
"Chris Lynn","26:37.0","https://www.tfrrs.org/athletes/8593655/Rose_Hulman/Chris_Lynn.html","820.4571976199525"
"Jonah Block","26:37.9","https://www.tfrrs.org/athletes/8257608/Wis_Whitewater/Jonah_Block.html","819.5332305047463"
"Dillon Hach","26:38.1","https://www.tfrrs.org/athletes/8606497/Baldwin_Wallace/Dillon_Hach.html","819.3281164446049"
"Cooper Feltz","26:39.7","https://www.tfrrs.org/athletes/8351616/Wis_Eau_Claire/Cooper_Feltz.html","817.689972541503"
"Matt Tippel","26:40.6","https://www.tfrrs.org/athletes/8612120/Wis_Platteville/Matt_Tippel.html","816.7706746843237"
"Brennan Tobin","26:41.6","https://www.tfrrs.org/athletes/9168580/Claremont_Mudd_Scripps/Brennan_Tobin.html","815.7510496982667"
"Brandon Massman","26:44.7","https://www.tfrrs.org/athletes/8257614/Wis_Whitewater/Brandon_Massman.html","812.6023170667332"
"Henry Reichle","26:46.2","https://www.tfrrs.org/athletes/8633137/Colby/Henry_Reichle.html","811.0852776942099"
"Phil Pace","26:48.4","https://www.tfrrs.org/athletes/8893246/TCNJ/Phil_Pace.html","808.8679595502998"
"John Gries","26:49.1","https://www.tfrrs.org/athletes/8593645/Rose_Hulman/John_Gries.html","808.1643557789532"
"Samuel Rothstein","26:51.8","https://www.tfrrs.org/athletes/8234779/Lebanon_Valley/Samuel_Rothstein.html","805.4590373276777"
"Hayden Beauchemin","26:56.3","https://www.tfrrs.org/athletes/8243871/Claremont_Mudd_Scripps/Hayden__Beauchemin.html","800.9802647916489"
"Lincoln Brewer","26:57.8","https://www.tfrrs.org/athletes/9161159/Colorado_College/Lincoln_Brewer.html","799.4956394924985"
"Greydon Gavin","26:59.0","https://www.tfrrs.org/athletes/8916424/Colby/Greydon_Gavin.html","798.3109091447285"
"Zach Allen","26:59.5","https://www.tfrrs.org/athletes/8627101/Wesleyan/Zach_Allen.html","797.8180485859253"
"Matt Andreano","26:59.7","https://www.tfrrs.org/athletes/8918723/Wis_Whitewater/Matt_Andreano.html","797.6210321528977"
"Troy Verstrate","27:00.0","https://www.tfrrs.org/athletes/8942462/Wis_Eau_Claire/Troy_Verstrate.html","797.3256443090631"
"Aidan Riggle","27:02.2","https://www.tfrrs.org/athletes/8624428/Lynchburg/Aidan_Riggle.html","795.1644718690668"
"Derek Kendig","27:03.5","https://www.tfrrs.org/athletes/8606933/Elizabethtown/Derek_Kendig.html","793.8915430783395"
"Nathan Szubin","27:04.7","https://www.tfrrs.org/athletes/9199622/Middlebury/Nathan_Szubin.html","792.7192429223471"
"Logan Hoger","27:08.9","https://www.tfrrs.org/athletes/8233048/Loras/Logan_Hoger.html","788.6365754955683"
"Parker Boyle","27:09.1","https://www.tfrrs.org/athletes/8628815/Amherst/Parker_Boyle.html","788.442950017414"
"Gavin Stewart","27:09.1","https://www.tfrrs.org/athletes/9208425/Wis_Eau_Claire/Gavin_Stewart.html","788.442950017414"
"Ignatius Fitzgerald","27:10.7","https://www.tfrrs.org/athletes/8613872/St_Olaf/Ignatius_Fitzgerald.html","786.8965100340689"
"Alex Paciello","27:12.0","https://www.tfrrs.org/athletes/8930140/Lynchburg/Alex_Paciello.html","785.6433751909967"
"Brandon Chen","27:12.4","https://www.tfrrs.org/athletes/8614444/TCNJ/Brandon_Chen.html","785.2583974311547"
"Will Inglis","27:13.2","https://www.tfrrs.org/athletes/8606932/Elizabethtown/Will_Inglis.html","784.4892903299523"
"Zach McNaul","27:13.5","https://www.tfrrs.org/athletes/9161160/Colorado_College/Zach_McNaul.html","784.2011664538289"
"Diego Escalante","27:16.1","https://www.tfrrs.org/athletes/8892494/Colorado_College/Diego_Escalante.html","781.7107282646078"
"Nate Wehner","27:18.5","https://www.tfrrs.org/athletes/8918509/Pomona_Pitzer/Nate_Wehner.html","779.4223770521467"
"Nathan Evans","27:22.3","https://www.tfrrs.org/athletes/8615918/Roger_Williams/Nathan_Evans.html","775.81965102299"
"Harry Griff","27:25.1","https://www.tfrrs.org/athletes/8239825/Middlebury/Harry_Griff.html","773.1809708533679"
"Wyatt Benjamin","27:34.2","https://www.tfrrs.org/athletes/8587040/Washington__Lee/Wyatt_Benjamin.html","764.697602530002"
"Aiden Ruiz","28:08.5","https://www.tfrrs.org/athletes/8896564/Loras/Aiden_Ruiz.html","733.9451950866937"
"Everett Mosher","29:01.4","https://www.tfrrs.org/athletes/8352876/WPI/Everett_Mosher.html","690.0311259143359"
"Robert Cooper","30:43.2","https://www.tfrrs.org/athletes/8587046/Washington__Lee/Robert_Cooper.html","615.9150809195909"
"Habtom Samuel","28:33.9","https://www.tfrrs.org/athletes/8609549/New_Mexico/Habtom_Samuel.html","1184.3761543946841"
"Rocky Hansen","28:38.0","https://www.tfrrs.org/athletes/8585457/Wake_Forest/Rocky_Hansen.html","1178.729882113146"
"Solomon Kipchoge","28:40.1","https://www.tfrrs.org/athletes/9192083/Washington_State/Solomon_Kipchoge.html","1175.853512441626"
"Brian Musau","28:41.2","https://www.tfrrs.org/athletes/8647595/Oklahoma_State/Brian_Musau.html","1174.3510425922116"
"Fouad Messaoudi","28:42.8","https://www.tfrrs.org/athletes/8013125/Oklahoma_State/Fouad_Messaoudi.html","1172.1707672812504"
"Denis Kipngetich","28:44.3","https://www.tfrrs.org/athletes/8647596/Oklahoma_State/Denis__Kipngetich.html","1170.1322688976925"
"Gary Martin","28:44.3","https://www.tfrrs.org/athletes/8329149/Virginia/Gary_Martin.html","1170.1322688976925"
"Collins Kiprotich","28:45.7","https://www.tfrrs.org/athletes/8946539/New_Mexico/Collins_Kiprotich.html","1168.2344643252718"
"Abdel Laadjel","28:46.2","https://www.tfrrs.org/athletes/7886105/Oregon/Abdel_Laadjel.html","1167.5577957627172"
"George Couttie","28:47.4","https://www.tfrrs.org/athletes/8582252/Virginia_Tech/George_Couttie.html","1165.9361879086894"
"Dismus Lokira","28:48.5","https://www.tfrrs.org/athletes/8898427/Alabama/Dismus_Lokira.html","1164.4526799975872"
"Adisu Guadia","28:49.7","https://www.tfrrs.org/athletes/8594983/Oklahoma_State/Adisu_Guadia.html","1162.8375345917498"
"Evans Kiplagat","28:50.7","https://www.tfrrs.org/athletes/8609550/New_Mexico/Evans_Kiplagat.html","1161.494145685168"
"Kelvin Cheruiyot","28:51.1","https://www.tfrrs.org/athletes/9177964/Florida/Kelvin_Cheruiyot.html","1160.9574418763857"
"Robin Kwemoi Bera","28:51.5","https://www.tfrrs.org/athletes/8895704/Iowa_State/Robin_Kwemoi_Bera.html","1160.4211099822298"
"Colin Sahlman","28:51.6","https://www.tfrrs.org/athletes/8271041/Northern_Arizona/Colin_Sahlman.html","1160.2870850800825"
"Evans Kurui","28:51.9","https://www.tfrrs.org/athletes/8926510/Washington_State/Evans_Kurui.html","1159.8851496591506"
"Nickson Kogei","28:52.2","https://www.tfrrs.org/athletes/9163010/Cincinnati/Nickson_Kogei.html","1159.483423053916"
"Timothy Chesondin","28:52.6","https://www.tfrrs.org/athletes/8593478/Arkansas/Timothy_Chesondin.html","1158.9481121547456"
"Vincent Chirchir","28:52.8","https://www.tfrrs.org/athletes/8739311/New_Mexico/Vincent_Chirchir.html","1158.6805957121824"
"Brian Kimutai","28:53.6","https://www.tfrrs.org/athletes/9200936/Eastern_Kentucky/Brian_Kimutai.html","1157.6114556577172"
"Meshack Kimutai","28:54.4","https://www.tfrrs.org/athletes/9213618/Iowa_State/Meshack_Kimutai.html","1156.5437946993725"
"Rodgers Kiplimo","28:56.5","https://www.tfrrs.org/athletes/8245423/Iowa_State/Rodgers_Kiplimo.html","1153.7482019614672"
"Elkana Kipruto","28:57.0","https://www.tfrrs.org/athletes/8901273/Wichita_State/Elkana_Kipruto.html","1153.0840786757788"
"Aiden Smith","28:57.3","https://www.tfrrs.org/athletes/8261263/Oregon/Aiden_Smith.html","1152.685879912046"
"Dennis Kipruto","28:57.4","https://www.tfrrs.org/athletes/8717163/Alabama/Dennis_Kipruto.html","1152.55319282707"
"Meshack Kuyo","28:58.0","https://www.tfrrs.org/athletes/9014770/Boise_State/Meshack_Kuyo.html","1151.7575512288506"
"Ethan Coleman","28:58.8","https://www.tfrrs.org/athletes/8237163/Notre_Dame_IN/Ethan_Coleman.html","1150.6979767207754"
"Bernard Cheruiyot","28:59.3","https://www.tfrrs.org/athletes/8906411/Tulane/Bernard_Cheruiyot.html","1150.036484982713"
"Taha Er Raouy","29:00.5","https://www.tfrrs.org/athletes/8588314/Eastern_Kentucky/Taha_Er_Raouy.html","1148.4512301231664"
"Sam Lawler","29:00.6","https://www.tfrrs.org/athletes/7698069/Syracuse/Sam_Lawler.html","1148.3192735288856"
"Tayvon Kitchen","29:01.5","https://www.tfrrs.org/athletes/9181497/BYU/Tayvon_Kitchen.html","1147.1326869136892"
"Simeon Birnbaum","29:01.6","https://www.tfrrs.org/athletes/8672366/Oregon/Simeon_Birnbaum.html","1147.0009574977944"
"Ryan Schoppe","29:01.7","https://www.tfrrs.org/athletes/7692587/Oklahoma_State/Ryan_Schoppe.html","1146.869250771048"
"Peter Visser","29:02.3","https://www.tfrrs.org/athletes/7897757/Weber_State/Peter_Visser.html","1146.079486591017"
"Joash Ruto","29:02.9","https://www.tfrrs.org/athletes/8895705/Iowa_State/Joash_Ruto.html","1145.2905379086146"
"Peter Walsdorf","29:03.9","https://www.tfrrs.org/athletes/7908284/Syracuse/Peter__Walsdorf.html","1143.9774326073534"
"Fredrick Kipkosgei","29:04.9","https://www.tfrrs.org/athletes/9208966/Hofstra/Fredrick_Kipkosgei.html","1142.6665842761115"
"Elsingi Kipruto","29:06.6","https://www.tfrrs.org/athletes/9171227/Louisville/Elsingi_Kipruto.html","1140.4433072344752"
"Titus Kimaru","29:07.2","https://www.tfrrs.org/athletes/9019268/Texas_Tech/Titus_Kimaru.html","1139.6601702225526"
"Nickson Chebii","29:07.8","https://www.tfrrs.org/athletes/8734868/Auburn/Nickson_Chebii.html","1138.8778395984605"
"Colton Sands","29:07.9","https://www.tfrrs.org/athletes/7908128/North_Carolina/Colton_Sands.html","1138.7475294821904"
"Noah Jenkins","29:08.5","https://www.tfrrs.org/athletes/8620336/BYU/Noah_Jenkins.html","1137.9661382452562"
"Evans Tanui","29:10.3","https://www.tfrrs.org/athletes/9224175/Arizona/Evans_Tanui.html","1135.6267840798125"
"Myles Hogan","29:10.3","https://www.tfrrs.org/athletes/8278826/Princeton/Myles_Hogan.html","1135.6267840798125"
"Kidus Misgina","29:11.4","https://www.tfrrs.org/athletes/8723482/Mississippi/Kidus_Misgina.html","1134.2007281543629"
"Silas Kiptanui","29:11.6","https://www.tfrrs.org/athletes/9011108/Tulane/Silas_Kiptanui.html","1133.9417338689361"
"Assaf Harari","29:12.2","https://www.tfrrs.org/athletes/8269500/Syracuse/Assaf_Harari.html","1133.1652830610872"
"Ronald Ngetich","29:12.4","https://www.tfrrs.org/athletes/8916351/Oklahoma/Ronald_Ngetich_.html","1132.9066433396904"
"Jayden Nats","29:13.0","https://www.tfrrs.org/athletes/8273668/Air_Force/Jayden_Nats.html","1132.1312552531156"
"Mathew Kosgei","29:13.8","https://www.tfrrs.org/athletes/9020972/New_Mexico/Mathew_Kosgei.html","1131.0986421450443"
"Matias Reynaga","29:15.8","https://www.tfrrs.org/athletes/9171955/Georgia/Matias_Reynaga.html","1128.5232817733624"
"Birhanu Harriman","29:16.2","https://www.tfrrs.org/athletes/8585636/Georgetown_DC/Birhanu_Harriman.html","1128.009265254511"
"Nelson Pariken","29:16.6","https://www.tfrrs.org/athletes/9169013/Alabama/Nelson_Pariken.html","1127.4955998398339"
"Charlie Sprott","29:16.9","https://www.tfrrs.org/athletes/8232332/Wake_Forest/Charlie_Sprott.html","1127.1105809986097"
"Evans Biwott","29:17.2","https://www.tfrrs.org/athletes/8916349/Oklahoma/Evans_Biwott.html","1126.725759338911"
"Jacob Nenow","29:17.9","https://www.tfrrs.org/athletes/8907403/Princeton/Jacob_Nenow.html","1125.828608193998"
"Dominic Serem","29:18.0","https://www.tfrrs.org/athletes/9167831/Colorado/Dominic_Serem.html","1125.700531221525"
"Thomas Westphal","29:19.0","https://www.tfrrs.org/athletes/8891755/Michigan_State/Thomas_Westphal.html","1124.420962661973"
"Nathan Mountain","29:19.5","https://www.tfrrs.org/athletes/7979835/Virginia/Nathan_Mountain.html","1123.7819963656461"
"Iker Sanchez Lopez","29:20.1","https://www.tfrrs.org/athletes/8009677/New_Mexico/Iker_Sanchez_Lopez.html","1123.0159554905822"
"Cael Grotenhuis","29:20.2","https://www.tfrrs.org/athletes/7915867/Northern_Arizona/Cael_Grotenhuis.html","1122.888358165818"
"Benne Anderson","29:20.3","https://www.tfrrs.org/athletes/8582410/Syracuse/Benne_Anderson.html","1122.760782586273"
"Michael Mireles","29:20.9","https://www.tfrrs.org/athletes/7735445/Oregon/Michael__Mireles.html","1121.9957854820273"
"Jonas Price","29:21.1","https://www.tfrrs.org/athletes/9036412/Portland/Jonas_Price.html","1121.740960185215"
"William Zegarski","29:22.0","https://www.tfrrs.org/athletes/8257715/Butler/William_Zegarski.html","1120.5953199703797"
"Will Aitken","29:22.6","https://www.tfrrs.org/athletes/9171953/Georgia/Will_Aitken.html","1119.83253459117"
"Jake Liebert","29:23.1","https://www.tfrrs.org/athletes/8917780/Colorado/Jake__Liebert.html","1119.1974748967953"
"Victor Kipkoech","29:24.7","https://www.tfrrs.org/athletes/9195734/Texas_Tech/Victor_Kipkoech.html","1117.168910080233"
"Jan Wouter Van Den Akker","29:25.0","https://www.tfrrs.org/athletes/7901525/UMass_Lowell/Jan_Wouter_Van_Den_Akker.html","1116.789168221917"
"Tomer Tarragano","29:25.8","https://www.tfrrs.org/athletes/9175444/North_Carolina/Tomer_Tarragano.html","1115.7774693330803"
"Leo Young","29:27.0","https://www.tfrrs.org/athletes/8592989/Stanford/Leo_Young.html","1114.26249670486"
"Matthew Neill","29:27.3","https://www.tfrrs.org/athletes/8618892/Syracuse/Matthew_Neill.html","1113.8842356546425"
"James Overberg","29:27.8","https://www.tfrrs.org/athletes/7905816/Colorado/James_Overberg.html","1113.2542284640213"
"Ian Kibiwot","29:28.0","https://www.tfrrs.org/athletes/7815149/Louisville/Ian_Kibiwot.html","1113.002375237416"
"Liam Newhart","29:28.5","https://www.tfrrs.org/athletes/8587816/Wisconsin/Liam_Newhart.html","1112.3731159565702"
"Brian Masai","29:28.9","https://www.tfrrs.org/athletes/8368105/Arkansas/Brian_Masai.html","1111.8700926784124"
"Zouhair Redouane","29:29.9","https://www.tfrrs.org/athletes/9198526/Tennessee/Zouhair_Redouane.html","1110.6140262482916"
"Justine Kipkoech","29:30.1","https://www.tfrrs.org/athletes/8917978/Eastern_Kentucky/Justine_Kipkoech.html","1110.3630683852923"
"Sam Burgess","29:30.1","https://www.tfrrs.org/athletes/8623169/Harvard/Sam_Burgess.html","1110.3630683852923"
"Brett Gardner","29:30.1","https://www.tfrrs.org/athletes/9196598/Virginia/Brett_Gardner.html","1110.3630683852923"
"Daniel Winter","29:30.3","https://www.tfrrs.org/athletes/8232311/Wake_Forest/Daniel_Winter.html","1110.1121955735337"
"Austin Gabay","29:30.3","https://www.tfrrs.org/athletes/8926607/Butler/Austin_Gabay.html","1110.1121955735337"
"Izaiah Steury","29:30.7","https://www.tfrrs.org/athletes/8672397/Notre_Dame_IN/Izaiah_Steury.html","1109.6107049500495"
"Justin Keyes","29:30.9","https://www.tfrrs.org/athletes/8271042/Northern_Arizona/Justin_Keyes.html","1109.3600870615314"
"Sanele Masondo","29:31.0","https://www.tfrrs.org/athletes/7889759/Iowa_State/Sanele_Masondo.html","1109.2348099562917"
"Jayde Rosslee","29:31.3","https://www.tfrrs.org/athletes/8618918/Bradley/Jayde_Rosslee.html","1108.8591059391297"
"Isaiah Givens","29:31.5","https://www.tfrrs.org/athletes/8370336/Colorado/Isaiah_Givens.html","1108.6087426285842"
"Miguel Baidal","29:31.6","https://www.tfrrs.org/athletes/9200938/Eastern_Kentucky/Miguel_Baidal.html","1108.4835927692166"
"Duncan Robinson","29:32.0","https://www.tfrrs.org/athletes/8943720/Iona/Duncan_Robinson.html","1107.9832051928038"
"Ezekiel Pitireng","29:32.2","https://www.tfrrs.org/athletes/9006119/Alabama/Ezekiel_Pitireng.html","1107.7331384542908"
"Dean Casey","29:32.6","https://www.tfrrs.org/athletes/8612240/Colorado/Dean_Casey.html","1107.2332588855402"
"Thomas McMahon","29:33.0","https://www.tfrrs.org/athletes/8915813/Pittsburgh/Thomas_McMahon.html","1106.733717606588"
"James Corrigan","29:33.2","https://www.tfrrs.org/athletes/8268086/BYU/James_Corrigan.html","1106.4840737304055"
"Ethan Godsey","29:33.7","https://www.tfrrs.org/athletes/9179995/Northern_Arizona/Ethan_Godsey.html","1105.8603334605282"
"Toby Gillen","29:34.0","https://www.tfrrs.org/athletes/8009874/Mississippi/Toby_Gillen.html","1105.4863424251973"
"Shadrack Kiptoo","29:34.2","https://www.tfrrs.org/athletes/8916350/Oklahoma/Shadrack_Kiptoo.html","1105.2371204584695"
"Cody Larson","29:34.2","https://www.tfrrs.org/athletes/7907630/South_Dakota_St/Cody_Larson.html","1105.2371204584695"
"Davin Thompson","29:34.2","https://www.tfrrs.org/athletes/7888808/BYU/Davin_Thompson.html","1105.2371204584695"
"Ben Gabelman","29:34.9","https://www.tfrrs.org/athletes/8893644/Syracuse/Ben_Gabelman.html","1104.365506934474"
"Edward Bird","29:35.0","https://www.tfrrs.org/athletes/8588195/Kentucky/Edward_Bird.html","1104.2410748896234"
"Nathan Lopez","29:36.3","https://www.tfrrs.org/athletes/8592509/Michigan/Nathan_Lopez.html","1102.6253702213603"
"Manny Perez","29:37.4","https://www.tfrrs.org/athletes/8931575/Northern_Arizona/Manny_Perez.html","1101.2610036293804"
"Joad Martinho","29:37.5","https://www.tfrrs.org/athletes/8581407/Toledo/Joad__Martinho.html","1101.1370958908913"
"Will Muirhead","29:37.8","https://www.tfrrs.org/athletes/7692585/Oklahoma_State/Will_Muirhead.html","1100.7654981222074"
"Nicholas Bendtsen","29:39.0","https://www.tfrrs.org/athletes/9196597/Virginia/Nicholas_Bendtsen.html","1099.2809864931987"
"Devan Kipyego","29:39.3","https://www.tfrrs.org/athletes/8603466/Iowa_State/Devan_Kipyego.html","1098.9103278137143"
"Valentin Soca","29:39.5","https://www.tfrrs.org/athletes/8330427/California_Baptist/Valentin_Soca.html","1098.6633261674244"
"Ben Shearer","29:40.4","https://www.tfrrs.org/athletes/7910646/Arkansas/Ben_Shearer.html","1097.552848664678"
"Justin Wachtel","29:42.4","https://www.tfrrs.org/athletes/7979984/Virginia/Justin_Wachtel.html","1095.0911406839875"
"Matan Ivri","29:43.2","https://www.tfrrs.org/athletes/8587815/Wisconsin/Matan_Ivri.html","1094.1087759514633"
"Kevin Sanchez","29:43.3","https://www.tfrrs.org/athletes/8587508/Notre_Dame_IN/Kevin_Sanchez.html","1093.9860733103562"
"Ford Washburn","29:43.6","https://www.tfrrs.org/athletes/8583667/Northern_Arizona/Ford_Washburn.html","1093.6180892098132"
"Nicholas Kipchirchir","29:43.6","https://www.tfrrs.org/athletes/8936392/Virginia_Tech/Nicholas_Kipchirchir.html","1093.6180892098132"
"Kgaogelo Moloisi","29:43.8","https://www.tfrrs.org/athletes/9212700/ULM/Kgaogelo_Moloisi.html","1093.3728696154922"
"Jesse Hamlin","29:44.2","https://www.tfrrs.org/athletes/7388515/Butler/Jesse_Hamlin.html","1092.8826777948793"
"Johnson Lagat","29:44.4","https://www.tfrrs.org/athletes/8891746/TCU/Johnson_Lagat.html","1092.6377054946581"
"Zachary Ayers","29:44.6","https://www.tfrrs.org/athletes/8273666/Air_Force/Zachary_Ayers.html","1092.3928155519084"
"Carson Burian","29:45.0","https://www.tfrrs.org/athletes/7895311/Alabama/Carson_Burian.html","1091.9032825911916"
"Charlie Moore","29:45.8","https://www.tfrrs.org/athletes/9010916/Villanova/Charlie_Moore.html","1090.9252033366322"
"Brett Rushman","29:46.2","https://www.tfrrs.org/athletes/9174058/California_Baptist/Brett_Rushman.html","1090.436656453668"
"Charlie Ortmans","29:46.3","https://www.tfrrs.org/athletes/8623172/Harvard/Charlie__Ortmans.html","1090.3145710106585"
"Erik Le Roux","29:46.7","https://www.tfrrs.org/athletes/8271043/Northern_Arizona/Erik_Le_Roux.html","1089.8264342118005"
"MacCallum Rowe","29:46.7","https://www.tfrrs.org/athletes/9163477/Georgetown_DC/MacCallum_Rowe.html","1089.8264342118005"
"Will Daley","29:47.0","https://www.tfrrs.org/athletes/8924207/Virginia/Will_Daley.html","1089.46054670604"
"CJ Sullivan","29:47.1","https://www.tfrrs.org/athletes/8608975/Villanova/CJ_Sullivan.html","1089.338625149836"
"Abraham Chelangam","29:47.2","https://www.tfrrs.org/athletes/8581535/Oral_Roberts/Abraham_Chelangam.html","1089.2167240588528"
"Lukas Kiprop","29:47.3","https://www.tfrrs.org/athletes/8609551/New_Mexico/Lukas_Kiprop.html","1089.0948434285112"
"Declan Rymer","29:48.2","https://www.tfrrs.org/athletes/7916237/Virginia_Tech/Declan_Rymer.html","1087.998837729226"
"Christian de Vaal","29:48.7","https://www.tfrrs.org/athletes/8587813/Wisconsin/Christian_de_Vaal.html","1087.3906604093036"
"Linus Chepkochei","29:49.0","https://www.tfrrs.org/athletes/9210895/Virginia_Tech/Linus_Chepkochei.html","1087.0259987589898"
"Nick Sloff","29:49.2","https://www.tfrrs.org/athletes/8603168/Penn_State/Nick_Sloff.html","1086.7829928918097"
"Paul Kiprotich","29:49.4","https://www.tfrrs.org/athletes/8896211/Stephen_F_Austin/Paul_Kiprotich.html","1086.5400685018685"
"Riley Hough","29:49.9","https://www.tfrrs.org/athletes/8231058/Michigan_State/Riley_Hough.html","1085.9331137509791"
"Sila Kiplakat","29:51.1","https://www.tfrrs.org/athletes/9224269/Utah_Valley/Sila_Kiplakat.html","1084.4784956896212"
"Jack Johnston","29:51.2","https://www.tfrrs.org/athletes/8601769/Texas_AM/Jack_Johnston.html","1084.3574094654932"
"Evan Thornton-Sherman","29:51.6","https://www.tfrrs.org/athletes/8261387/Mississippi/Evan_Thornton-Sherman.html","1083.8732673085776"
"Pedro Marin","29:52.2","https://www.tfrrs.org/athletes/8579617/California_Baptist/Pedro_Marin.html","1083.147661794309"
"Andrew Jones","29:52.5","https://www.tfrrs.org/athletes/7979834/Virginia/Andrew_Jones.html","1082.7851322472552"
"Ryan Olree","29:53.2","https://www.tfrrs.org/athletes/8587410/Georgia/Ryan_Olree.html","1081.9399374506809"
"Max Davis","29:53.8","https://www.tfrrs.org/athletes/7888791/BYU/Max_Davis.html","1081.2162721652305"
"Luke Venhuizen","29:53.9","https://www.tfrrs.org/athletes/8236690/Michigan/Luke_Venhuizen.html","1081.0957318746616"
"Jasper Cane","29:54.0","https://www.tfrrs.org/athletes/8891754/Michigan_State/Jasper_Cane.html","1080.9752117407713"
"Thobias Cheruiyot","29:54.1","https://www.tfrrs.org/athletes/8739214/Oklahoma/Thobias_Cheruiyot.html","1080.854711759064"
"Archie Noakes","29:55.0","https://www.tfrrs.org/athletes/8672396/Wisconsin/Archie_Noakes.html","1079.7711180310891"
"Terrance Allen","29:55.0","https://www.tfrrs.org/athletes/8916763/Air_Force/Terrance_Allen.html","1079.7711180310891"
"James Sankei","29:55.7","https://www.tfrrs.org/athletes/9224300/Arkansas/James_Sankei.html","1078.9294490865639"
"Tanner Newkirk","29:56.6","https://www.tfrrs.org/athletes/8255865/Colorado/Tanner_Newkirk.html","1077.8487485570763"
"Geoffrey Kirwa","29:56.6","https://www.tfrrs.org/athletes/8916058/Louisville/Geoffrey_Kirwa.html","1077.8487485570763"
"Cameron Todd","29:57.0","https://www.tfrrs.org/athletes/8896299/Notre_Dame_IN/Cameron_Todd.html","1077.3689583344162"
"Alex Thompson","29:57.1","https://www.tfrrs.org/athletes/8265355/Boise_State/Alex_Thompson.html","1077.249060834764"
"Bradley Giblin","29:58.4","https://www.tfrrs.org/athletes/8375112/Iona/Bradley_Giblin.html","1075.6922129471084"
"Benjamin Balazs","29:58.6","https://www.tfrrs.org/athletes/8261257/Oregon/Benjamin_Balazs.html","1075.4529974671236"
"Illia Kunin","29:59.3","https://www.tfrrs.org/athletes/8632545/Tulane/Illia_Kunin.html","1074.6163713790045"
"Tanner Lindahl","29:59.8","https://www.tfrrs.org/athletes/8324707/Air_Force/Tanner_Lindahl.html","1074.0193788784375"
"Christopher Knight","30:00.1","https://www.tfrrs.org/athletes/8594934/Furman/Christopher__Knight.html","1073.6614221375112"
"Jackson Shorten","30:00.3","https://www.tfrrs.org/athletes/8278829/Princeton/Jackson_Shorten.html","1073.422883719643"
"Trent McFarland","30:00.6","https://www.tfrrs.org/athletes/8592511/Michigan/Trent_McFarland.html","1073.0652251186368"
"Brendan Thomas","30:01.2","https://www.tfrrs.org/athletes/8952914/Butler/Brendan_Thomas.html","1072.350443972691"
"Joseph O'Brien","30:01.5","https://www.tfrrs.org/athletes/8232312/Wake_Forest/Joseph_O'Brien.html","1071.9933211897294"
"Louis Small","30:02.7","https://www.tfrrs.org/athletes/9166299/Syracuse/Louis_Small.html","1070.5666125523167"
"Mario Priego","30:03.9","https://www.tfrrs.org/athletes/8917997/Eastern_Kentucky/Mario_Priego.html","1069.1427502160054"
"Jack Pennewell","30:04.8","https://www.tfrrs.org/athletes/7917039/Michigan_State/Jack_Pennewell.html","1068.0767167963963"
"Justin Mumford","30:05.1","https://www.tfrrs.org/athletes/8246876/Navy/Justin_Mumford.html","1067.7217266146195"
"Eli Fullerton","30:06.2","https://www.tfrrs.org/athletes/9211818/Butler/Eli_Fullerton.html","1066.4216089554282"
"Tam Gavenas","30:07.1","https://www.tfrrs.org/athletes/9223951/Harvard/Tam__Gavenas.html","1065.3596417749418"
"Johnny Livingstone","30:07.8","https://www.tfrrs.org/athletes/8320858/Wisconsin/Johnny__Livingstone.html","1064.5347636162833"
"Kutoven Stevens","30:08.1","https://www.tfrrs.org/athletes/9192086/Washington_State/Kutoven_Stevens.html","1064.1815376498662"
"Evan Trapp","30:11.6","https://www.tfrrs.org/athletes/8894990/Alabama/Evan_Trapp.html","1060.0735255108627"
"Ernesto Ruiz","30:12.3","https://www.tfrrs.org/athletes/8926995/California_Baptist/Ernesto_Ruiz.html","1059.2547778870176"
"Victor Rosas","30:13.1","https://www.tfrrs.org/athletes/8926996/California_Baptist/Victor_Rosas.html","1058.3202272599817"
"Bismack Kipchirchir","30:13.3","https://www.tfrrs.org/athletes/8944444/Akron/Bismack_Kipchirchir.html","1058.0867828518992"
"Michael Hegarty","30:13.5","https://www.tfrrs.org/athletes/8585589/Michigan_State/Michael_Hegarty.html","1057.853415675094"
"Micah Wilson","30:13.7","https://www.tfrrs.org/athletes/8274008/Wisconsin/Micah_Wilson.html","1057.6201256955023"
"Noah Valyo","30:14.7","https://www.tfrrs.org/athletes/8917847/North_Carolina_St/Noah_Valyo.html","1056.4548325648216"
"Parker Lambers","30:15.1","https://www.tfrrs.org/athletes/8231052/Michigan_State/Parker_Lambers.html","1055.9892545029084"
"Connor Burns","30:15.2","https://www.tfrrs.org/athletes/8601512/Oregon/Connor_Burns.html","1055.8729080763885"
"Ben Bouie","30:15.3","https://www.tfrrs.org/athletes/9223953/Harvard/Ben_Bouie.html","1055.756580876975"
"Jacob Stanford","30:16.4","https://www.tfrrs.org/athletes/8609296/BYU/Jacob_Stanford.html","1054.4782494617054"
"Matthew Edwards","30:18.2","https://www.tfrrs.org/athletes/8916758/Air_Force/Matthew_Edwards.html","1052.3914368796948"
"Marco Perez","30:19.3","https://www.tfrrs.org/athletes/9188735/Mississippi/Marco_Perez.html","1051.1192106250392"
"Laban Kipkemboi","30:19.8","https://www.tfrrs.org/athletes/8594899/Oklahoma_State/Laban__Kipkemboi.html","1050.5416884741162"
"CJ Singleton","30:20.1","https://www.tfrrs.org/athletes/8237169/Notre_Dame_IN/CJ_Singleton.html","1050.195403618298"
"Lukas Haug","30:21.0","https://www.tfrrs.org/athletes/7891268/Colorado/Lukas_Haug.html","1049.1575757278392"
"Owen Karas","30:21.3","https://www.tfrrs.org/athletes/7885551/Yale/Owen_Karas.html","1048.8119749476004"
"Keeton Thornsberry","30:21.7","https://www.tfrrs.org/athletes/7364533/Eastern_Kentucky/Keeton__Thornsberry.html","1048.3514394792185"
"Allen Bonnessen","30:22.2","https://www.tfrrs.org/athletes/8612948/Iowa_State/Allen_Bonnessen.html","1047.7761965810612"
"Luke Grundvig","30:23.2","https://www.tfrrs.org/athletes/7988659/BYU/Luke__Grundvig.html","1046.6271302677658"
"Garrett Winter","30:23.3","https://www.tfrrs.org/athletes/8235129/Virginia_Tech/Garrett_Winter.html","1046.5123276100774"
"Josphat Meli","30:23.4","https://www.tfrrs.org/athletes/9192084/Washington_State/Josphat_Meli.html","1046.3975438401005"
"Quinn Parrish","30:23.6","https://www.tfrrs.org/athletes/8899849/Georgetown_DC/Quinn_Parrish.html","1046.1680329467094"
"Conner Rutherford","30:23.9","https://www.tfrrs.org/athletes/8587412/Georgia/Conner_Rutherford.html","1045.823908160918"
"Collins Kiprop Kipngok","30:24.2","https://www.tfrrs.org/athletes/8895220/Kentucky/Collins_Kiprop_Kipngok.html","1045.4799531409635"
"Matteo Rosio","30:24.4","https://www.tfrrs.org/athletes/8610658/Butler/Matteo_Rosio.html","1045.2507440535426"
"Kai Connor","30:25.3","https://www.tfrrs.org/athletes/8655831/Alabama/Kai_Connor_.html","1044.2202353722098"
"Bryce Gilmore","30:25.6","https://www.tfrrs.org/athletes/8232309/Wake_Forest/Bryce_Gilmore.html","1043.8770711180716"
"Jacob Laney","30:26.5","https://www.tfrrs.org/athletes/8583930/North_Carolina/Jacob_Laney.html","1042.8485927174806"
"Titus Kirui","30:26.9","https://www.tfrrs.org/athletes/8593482/Akron/Titus_Kirui.html","1042.39197903231"
"Lezawe Osterink","30:28.0","https://www.tfrrs.org/athletes/8609300/Michigan_State/Lezawe_Osterink.html","1041.137836599086"
"Owen Kelley","30:28.1","https://www.tfrrs.org/athletes/9188734/Mississippi/Owen_Kelley.html","1041.0239358977408"
"Ethan Coleman","30:29.8","https://www.tfrrs.org/athletes/8235118/Virginia_Tech/Ethan_Coleman.html","1039.0904802299353"
"Gustav Bendsen","30:30.6","https://www.tfrrs.org/athletes/8916056/Louisville/Gustav_Bendsen.html","1038.1824820382426"
"Brendan Herger","30:31.0","https://www.tfrrs.org/athletes/8900483/Michigan/Brendan_Herger.html","1037.7289291899897"
"Hunter Jones","30:31.6","https://www.tfrrs.org/athletes/8585458/Wake_Forest/Hunter_Jones.html","1037.0491569962996"
"Aiden Coles","30:32.4","https://www.tfrrs.org/athletes/8264770/Iona/Aiden_Coles.html","1036.1438325898578"
"Gilbert Rono","30:32.6","https://www.tfrrs.org/athletes/8712077/Tulane/Gilbert_Rono.html","1035.917686722121"
"Nolan Clark","30:32.8","https://www.tfrrs.org/athletes/8592506/Michigan/Nolan_Clark.html","1035.6916148832563"
"Tommy Latham","30:33.1","https://www.tfrrs.org/athletes/9175441/North_Carolina/Tommy_Latham.html","1035.3526458584263"
"Paul Specht","30:34.1","https://www.tfrrs.org/athletes/8232310/Wake_Forest/Paul_Specht.html","1034.2239501548258"
"Daelen Ackley","30:34.5","https://www.tfrrs.org/athletes/8237162/Notre_Dame_IN/Daelen_Ackley.html","1033.7729886078205"
"Matt Rankin","30:34.7","https://www.tfrrs.org/athletes/7742085/Iona/Matt_Rankin.html","1033.5476184343875"
"Jack Bowen","30:35.9","https://www.tfrrs.org/athletes/9175440/North_Carolina/Jack__Bowen.html","1032.196943771004"
"Tommy Shaw","30:36.7","https://www.tfrrs.org/athletes/9191022/Georgetown_DC/Tommy_Shaw.html","1031.2979643840883"
"Tommy Rice","30:36.9","https://www.tfrrs.org/athletes/8612163/Tulane/Tommy_Rice.html","1031.0734030424815"
"Evan Bruce","30:36.9","https://www.tfrrs.org/athletes/8613861/Washington_State/Evan__Bruce.html","1031.0734030424815"
"Gitch Hayes","30:37.1","https://www.tfrrs.org/athletes/8230760/North_Carolina/Gitch_Hayes.html","1030.8489150390008"
"Tayson Echohawk","30:37.2","https://www.tfrrs.org/athletes/8672394/Oregon/Tayson_Echohawk.html","1030.7366985290787"
"Kenan Pala","30:39.6","https://www.tfrrs.org/athletes/8236253/Yale/Kenan_Pala.html","1028.0489898982196"
"Gabriel Guzman","30:41.3","https://www.tfrrs.org/athletes/8926997/California_Baptist/Gabriel_Guzman.html","1026.1515516761517"
"Luke Johnson","30:41.8","https://www.tfrrs.org/athletes/9178220/Georgetown_DC/Luke_Johnson.html","1025.5944812748216"
"Bryce Stachewicz","30:42.5","https://www.tfrrs.org/athletes/8587817/Wisconsin/Bryce_Stachewicz.html","1024.8153444910502"
"Caleb Jarema","30:44.0","https://www.tfrrs.org/athletes/8236685/Michigan/Caleb_Jarema.html","1023.1487525274325"
"Conan Harper","30:46.4","https://www.tfrrs.org/athletes/8582928/Iona/Conan_Harper.html","1020.4906490755282"
"Tomas Vega","30:48.1","https://www.tfrrs.org/athletes/8917995/Eastern_Kentucky/Tomas_Vega.html","1018.6140880690691"
"Rogerio Amaral","30:49.7","https://www.tfrrs.org/athletes/7986572/Tulane/Rogerio__Amaral_.html","1016.8526373951472"
"Sebastian Martinez","30:50.3","https://www.tfrrs.org/athletes/8907425/Princeton/Sebastian_Martinez.html","1016.1932711718702"
"Joe Sapone","30:51.5","https://www.tfrrs.org/athletes/8583932/North_Carolina/Joe_Sapone.html","1014.876461283261"
"Zach Van Houten","30:55.5","https://www.tfrrs.org/athletes/7917565/Tulane/Zach_Van_Houten.html","1010.505531400379"
"Isaac Hirshman-Chandler","31:03.9","https://www.tfrrs.org/athletes/9189238/Florida_State/Isaac_Hirshman-Chandler.html","1001.418005717224"
"Kristers Kudlis","31:05.3","https://www.tfrrs.org/athletes/9171954/Georgia/Kristers_Kudlis.html","999.9153422546719"
"Finn Anspach","31:06.4","https://www.tfrrs.org/athletes/9070960/California_Baptist/Finn_Anspach.html","998.7370495516375"
"Baptiste Cartieaux","31:07.3","https://www.tfrrs.org/athletes/9214502/Iona/Baptiste_Cartieaux.html","997.774540337456"
"Vincent Koech","31:08.6","https://www.tfrrs.org/athletes/9192085/Washington_State/Vincent_Koech.html","996.3867037768188"
"Adrian Stuphan","31:09.6","https://www.tfrrs.org/athletes/8587273/Oklahoma/Adrian_Stuphan.html","995.3211066082043"
"Hayden Gray","31:11.1","https://www.tfrrs.org/athletes/9194211/Oklahoma/Hayden_Gray_.html","993.7259131685179"
"Hayden Boaz","31:12.6","https://www.tfrrs.org/athletes/9200846/Princeton/Hayden_Boaz.html","992.134551564283"
"Alazar Teffra","31:17.9","https://www.tfrrs.org/athletes/8585640/Georgetown_DC/Alazar_Teffra.html","986.5422486186899"
"Steven Hergenrother","31:18.0","https://www.tfrrs.org/athletes/8907399/Princeton/Steven_Hergenrother.html","986.4371883436258"
"Luke Alverson","31:19.1","https://www.tfrrs.org/athletes/9166749/Michigan/Luke_Alverson.html","985.2826321079226"
"Spenser Wolf","31:21.3","https://www.tfrrs.org/athletes/8236854/Louisville/Spenser_Wolf.html","982.9795923187404"
"Edwin Klanke","31:31.7","https://www.tfrrs.org/athletes/9163478/Georgetown_DC/Edwin_Klanke.html","972.2010478373194"
"John Shoemaker","31:36.0","https://www.tfrrs.org/athletes/9188736/Mississippi/John_Shoemaker.html","967.796275685354"
"Patrick Lawson","31:37.3","https://www.tfrrs.org/athletes/8628714/Air_Force/Patrick_Lawson.html","966.4704925923065"
"Oliver Smart","31:42.9","https://www.tfrrs.org/athletes/9171956/Georgia/Oliver_Smart.html","960.7904558180807"
"Kade Brownell","31:46.9","https://www.tfrrs.org/athletes/9192087/Washington_State/Kade__Brownell.html","956.763888061066"
"Jack Williams","31:48.9","https://www.tfrrs.org/athletes/7910647/Arkansas/Jack_Williams.html","954.7600896936225"
"Avery Keith","31:49.3","https://www.tfrrs.org/athletes/8907404/Princeton/Avery_Keith.html","954.3600854708553"
"Ethan Aidam","31:53.4","https://www.tfrrs.org/athletes/8623168/Harvard/Ethan__Aidam.html","950.2744952869077"
"Zack Gilbertson","31:54.1","https://www.tfrrs.org/athletes/8610265/Mississippi/Zack_Gilbertson.html","949.5795780788746"
"Jack Moore","32:01.3","https://www.tfrrs.org/athletes/8236850/Louisville/Jack__Moore.html","942.4758854626857"
"Eli Seavey","32:12.0","https://www.tfrrs.org/athletes/8915115/Arkansas/Eli_Seavey.html","932.0653611438281"
"Saketh Rudraraju","32:20.7","https://www.tfrrs.org/athletes/8916762/Air_Force/Saketh_Rudraraju.html","923.7273462841993"
"Ben MacMillan","32:22.4","https://www.tfrrs.org/athletes/8982715/Iona/Ben_MacMillan.html","922.1111505420464"
"Jackson Nolan","32:28.1","https://www.tfrrs.org/athletes/9171228/Louisville/Jackson_Nolan.html","916.7229834349516"
"Logan Seger","32:32.5","https://www.tfrrs.org/athletes/8250256/Oklahoma/Logan_Seger.html","912.595929660846"
"Grant Schroder","32:36.0","https://www.tfrrs.org/athletes/9223954/Harvard/Grant_Schroder.html","909.3329152850755"
"Donovan Bitticks","32:50.3","https://www.tfrrs.org/athletes/8910305/Arkansas/Donovan_Bitticks.html","896.1813418464114"
"Matthew Forrester","33:18.2","https://www.tfrrs.org/athletes/8257716/Butler/Matthew_Forrester.html","871.3300724966655"
"Arashi Hunter","33:24.7","https://www.tfrrs.org/athletes/9223956/Harvard/Arashi_Hunter.html","865.6888657079419"
